name,organization_name,occurrences
oas3-valid-media-example,portfoliooptimizer.io,3.0
oas3-valid-media-example,walmart.com,1.6
oas3-valid-media-example,opendatanetwork.com,1.0
oas3-valid-media-example,visualcrossing.com,3.5
oas3-valid-media-example,billingo.hu,2.0
oas3-valid-media-example,zuora.com,1.5
oas3-valid-media-example,goog.io,4.5
oas3-valid-media-example,snyk.io,10.0
oas3-valid-media-example,clicksend.com,37.5
oas3-valid-media-example,viator.com,10.0
oas3-valid-media-example,tisane.ai,0.5
oas3-valid-media-example,exavault.com,23.0
oas3-valid-media-example,opensuse.org,13.5
oas3-valid-media-example,nexmo.com,2.2857142857142856
oas3-valid-media-example,influxdata.com,0.5
oas3-valid-media-example,clever-cloud.com,1.0
oas3-valid-media-example,apicurio.local,2.0
oas3-valid-media-example,cpy.re,0.5
oas3-valid-media-example,wiremock.org,9.0
oas3-valid-media-example,twitter.com,0.4
oas3-valid-media-example,zoom.us,42.5
oas3-valid-media-example,googleapis.com/run,2.0
oas3-valid-media-example,atlassian.com,144.0
oas3-valid-media-example,loket.nl,11.5
oas3-valid-media-example,pdfbroker.io,9.5
oas3-valid-media-example,meraki.com,38.666666666666664
oas3-valid-media-example,rapidapi.com,0.6
oas3-valid-media-example,bitbucket.org,0.5
oas3-valid-media-example,personio.de,1.3333333333333333
oas3-valid-media-example,here.com,165.33333333333334
oas3-valid-media-example,1password.local,1.0
oas3-valid-media-example,gov.bc.ca,0.5
oas3-valid-media-example,vonage.com,0.6666666666666666
oas3-valid-media-example,api.video,8.0
oas3-valid-media-example,bigredcloud.com,8.5
oas3-valid-media-example,isendpro.com,1.0
oas3-valid-media-example,shop-pro.jp,0.5
oas3-valid-media-example,lgtm.com,5.0
oas3-valid-media-example,pressassociation.io,7.0
oas3-valid-media-example,lambdatest.com,0.5
oas3-valid-media-example,bulksms.com,0.5
oas3-valid-media-example,dataflowkit.com,1.0
oas3-valid-media-example,climatekuul.com,0.5
oas3-valid-media-example,truora.com,40.0
oas3-valid-media-example,openlinksw.com,1.5
oas3-valid-media-example,ticketmaster.com,10.75
oas3-valid-media-example,velopayments.com,1.0
oas3-valid-media-example,staging-ecotaco.com,5.0
oas3-valid-media-example,whatsapp.local,0.6666666666666666
oas3-valid-media-example,bhagavadgita.io,2.5
oas3-valid-media-example,cdcgov.local,1.0
oas3-valid-media-example,britbox.co.uk,0.5
oas3-valid-media-example,hubapi.com,1.1666666666666667
oas3-valid-media-example,ably.io,2.0
oas3-valid-media-example,sportsdata.io,0.08333333333333333
oas3-valid-media-example,dracoon.team,321.5
oas3-valid-media-example,configcat.com,18.0
oas3-valid-media-example,xero.com,25.5
oas3-valid-media-example,shotstack.io,1.0
oas3-valid-media-example,whapi.com,0.8571428571428571
oas3-valid-media-example,1password.com,2.0
oas3-valid-media-example,shutterstock.com,16.5
oas3-valid-media-example,change.local,2.0
oas3-valid-media-example,mbus.local,1.0
oas3-valid-media-example,adyen.com,8.098360655737705
oas3-valid-media-example,fulfillment.com,0.5
oas3-valid-media-example,digitalnz.org,1.5
oas3-valid-media-example,pocketsmith.com,0.5
oas3-valid-media-example,microsoft.com,1.3214285714285714
oas3-valid-media-example,ritekit.com,2.0
oas3-valid-media-example,abstractapi.com,0.5
oas3-valid-schema-example,sakari.io,1.0
oas3-valid-schema-example,billingo.hu,4.0
oas3-valid-schema-example,quotes.rest,0.5
oas3-valid-schema-example,zuora.com,22.5
oas3-valid-schema-example,exlibrisgroup.com,14.0
oas3-valid-schema-example,api2cart.com,2.0
oas3-valid-schema-example,snyk.io,2.0
oas3-valid-schema-example,etherpad.local,169.5
oas3-valid-schema-example,clicksend.com,7.0
oas3-valid-schema-example,viator.com,0.5
oas3-valid-schema-example,apptigent.com,8.0
oas3-valid-schema-example,exavault.com,27.0
oas3-valid-schema-example,opensuse.org,5.0
oas3-valid-schema-example,nexmo.com,10.428571428571429
oas3-valid-schema-example,influxdata.com,41.5
oas3-valid-schema-example,ip2location.com,0.5
oas3-valid-schema-example,linode.com,48.0
oas3-valid-schema-example,enode.io,4.5
oas3-valid-schema-example,clever-cloud.com,1.5
oas3-valid-schema-example,crediwatch.com,4.0
oas3-valid-schema-example,nordigen.com,1.0
oas3-valid-schema-example,apicurio.local,2.3333333333333335
oas3-valid-schema-example,ix-api.net,10.0
oas3-valid-schema-example,trashnothing.com,7.0
oas3-valid-schema-example,graphhopper.com,9.0
oas3-valid-schema-example,cpy.re,22.0
oas3-valid-schema-example,wiremock.org,2.0
oas3-valid-schema-example,stoplight.io,2.0
oas3-valid-schema-example,cloudrf.com,0.5
oas3-valid-schema-example,neutrinoapi.net,0.5
oas3-valid-schema-example,twitter.com,6.8
oas3-valid-schema-example,zoom.us,0.5
oas3-valid-schema-example,botify.com,0.5
oas3-valid-schema-example,airbyte.local,4.0
oas3-valid-schema-example,i-cue.solutions,0.5
oas3-valid-schema-example,atlassian.com,2.0
oas3-valid-schema-example,apideck.com,0.8333333333333334
oas3-valid-schema-example,api.gov.uk,1.0
oas3-valid-schema-example,surevoip.co.uk,3.0
oas3-valid-schema-example,loket.nl,816.0
oas3-valid-schema-example,meraki.com,11.666666666666666
oas3-valid-schema-example,rapidapi.com,1.4
oas3-valid-schema-example,redhat.com,2.5
oas3-valid-schema-example,osf.io,20.5
oas3-valid-schema-example,personio.de,0.6666666666666666
oas3-valid-schema-example,nic.at,1.0
oas3-valid-schema-example,here.com,13.666666666666666
oas3-valid-schema-example,redeal.io,1.5
oas3-valid-schema-example,va.gov,9.4
oas3-valid-schema-example,probely.com,3.5
oas3-valid-schema-example,apisetu.gov.in,9.697802197802197
oas3-valid-schema-example,gov.bc.ca,0.7
oas3-valid-schema-example,vonage.com,2.6666666666666665
oas3-valid-schema-example,api.video,10.5
oas3-valid-schema-example,superset.apache.local,1.0
oas3-valid-schema-example,digitallocker.gov.in,13.5
oas3-valid-schema-example,orthanc-server.com,1.0
oas3-valid-schema-example,ably.net,2.0
oas3-valid-schema-example,isendpro.com,0.5
oas3-valid-schema-example,shop-pro.jp,3.5
oas3-valid-schema-example,lgtm.com,0.5
oas3-valid-schema-example,pressassociation.io,5.5
oas3-valid-schema-example,ndhm.gov.in,9.0
oas3-valid-schema-example,biapi.pro,19.0
oas3-valid-schema-example,oxforddictionaries.com,2.0
oas3-valid-schema-example,windows.net,0.18181818181818182
oas3-valid-schema-example,truora.com,5.5
oas3-valid-schema-example,art19.com,4.0
oas3-valid-schema-example,ticketmaster.com,29.5
oas3-valid-schema-example,asana.com,7.0
oas3-valid-schema-example,thebluealliance.com,2.5
oas3-valid-schema-example,corrently.io,1.0
oas3-valid-schema-example,velopayments.com,35.5
oas3-valid-schema-example,nytimes.com,0.16666666666666666
oas3-valid-schema-example,axesso.de,0.5
oas3-valid-schema-example,squareup.com,30.0
oas3-valid-schema-example,optimade.local,2.5
oas3-valid-schema-example,whatsapp.local,7.666666666666667
oas3-valid-schema-example,fire.com,7.0
oas3-valid-schema-example,vimeo.com,112.5
oas3-valid-schema-example,bhagavadgita.io,0.5
oas3-valid-schema-example,climate.com,4.0
oas3-valid-schema-example,monarchinitiative.org,2.0
oas3-valid-schema-example,docker.com,6.0
oas3-valid-schema-example,cdcgov.local,9.0
oas3-valid-schema-example,rumble.run,7.5
oas3-valid-schema-example,hubapi.com,0.3333333333333333
oas3-valid-schema-example,ably.io,0.5
oas3-valid-schema-example,id4i.de,3.5
oas3-valid-schema-example,motaword.com,2.0
oas3-valid-schema-example,ideaconsult.net,0.6666666666666666
oas3-valid-schema-example,rawg.io,0.5
oas3-valid-schema-example,tomtom.com,0.5
oas3-valid-schema-example,xero.com,19.0
oas3-valid-schema-example,onsched.com,8.0
oas3-valid-schema-example,figshare.com,6.0
oas3-valid-schema-example,files.com,25.5
oas3-valid-schema-example,hetzner.cloud,2.5
oas3-valid-schema-example,amadeus.com,7.0
oas3-valid-schema-example,noosh.com,310.0
oas3-valid-schema-example,salesforce.local,1.0
oas3-valid-schema-example,fec.gov,27.5
oas3-valid-schema-example,shutterstock.com,1.0
oas3-valid-schema-example,extpose.com,0.5
oas3-valid-schema-example,mbus.local,1.0
oas3-valid-schema-example,adyen.com,1.8524590163934427
oas3-valid-schema-example,remove.bg,4.0
oas3-valid-schema-example,digitalnz.org,1.0
oas3-valid-schema-example,sms77.io,1.0
oas3-valid-schema-example,rudder.example.local,15.0
oas3-valid-schema-example,amentum.space,0.6666666666666666
oas3-valid-schema-example,ritekit.com,1.0
no-$ref-siblings,ebay.com,11.619047619047619
no-$ref-siblings,prss.org,0.5
no-$ref-siblings,launchdarkly.com,0.5
no-$ref-siblings,redirection.io,4.5
no-$ref-siblings,stormglass.io,0.5
no-$ref-siblings,bunq.com,1724.0
no-$ref-siblings,beanstream.com,2.5
no-$ref-siblings,billbee.io,3.5
no-$ref-siblings,schooldigger.com,15.0
no-$ref-siblings,influxdata.com,26.5
no-$ref-siblings,linode.com,3.5
no-$ref-siblings,transavia.com,5.0
no-$ref-siblings,osisoft.com,9.5
no-$ref-siblings,pims.io,0.5
no-$ref-siblings,wowza.com,18.0
no-$ref-siblings,apicurio.local,10.333333333333334
no-$ref-siblings,graphhopper.com,1.5
no-$ref-siblings,cpy.re,0.5
no-$ref-siblings,twitter.com,0.6
no-$ref-siblings,qualpay.com,1.0
no-$ref-siblings,openuv.io,1.0
no-$ref-siblings,maif.local,5.0
no-$ref-siblings,semantria.com,8.5
no-$ref-siblings,airbyte.local,1.0
no-$ref-siblings,intellifi.nl,1.5
no-$ref-siblings,ritc.io,3.0
no-$ref-siblings,googleapis.com/factchecktools,4.0
no-$ref-siblings,googleapis.com/billingbudgets,18.0
no-$ref-siblings,googleapis.com/dataflow,116.0
no-$ref-siblings,googleapis.com/privateca,86.0
no-$ref-siblings,googleapis.com/cloudfunctions,14.0
no-$ref-siblings,googleapis.com/orgpolicy,5.0
no-$ref-siblings,googleapis.com/remotebuildexecution,145.0
no-$ref-siblings,googleapis.com/webrisk,9.0
no-$ref-siblings,googleapis.com/servicenetworking,53.0
no-$ref-siblings,googleapis.com/binaryauthorization,12.0
no-$ref-siblings,googleapis.com/area120tables,4.0
no-$ref-siblings,googleapis.com/toolresults,75.0
no-$ref-siblings,googleapis.com/clouderrorreporting,8.0
no-$ref-siblings,googleapis.com/civicinfo,9.0
no-$ref-siblings,googleapis.com/apigee,53.0
no-$ref-siblings,googleapis.com/firebasedynamiclinks,15.0
no-$ref-siblings,googleapis.com/runtimeconfig,8.0
no-$ref-siblings,googleapis.com/adexchangebuyer2,93.0
no-$ref-siblings,googleapis.com/proximitybeacon,7.0
no-$ref-siblings,googleapis.com/resourcesettings,9.0
no-$ref-siblings,googleapis.com/networkservices,9.0
no-$ref-siblings,googleapis.com/pagespeedonline,24.0
no-$ref-siblings,googleapis.com/sqladmin,86.0
no-$ref-siblings,googleapis.com/mybusinesslodging,39.0
no-$ref-siblings,googleapis.com/mybusinessaccountmanagement,6.0
no-$ref-siblings,googleapis.com/alertcenter,17.0
no-$ref-siblings,googleapis.com/servicemanagement,29.0
no-$ref-siblings,googleapis.com/domains,42.0
no-$ref-siblings,googleapis.com/calendar,17.0
no-$ref-siblings,googleapis.com/sheets,428.0
no-$ref-siblings,googleapis.com/cloudiot,13.0
no-$ref-siblings,googleapis.com/genomics,38.0
no-$ref-siblings,googleapis.com/oslogin,7.0
no-$ref-siblings,googleapis.com/gamesManagement,6.0
no-$ref-siblings,googleapis.com/gkehub,141.0
no-$ref-siblings,googleapis.com/networkmanagement,53.0
no-$ref-siblings,googleapis.com/identitytoolkit,8.0
no-$ref-siblings,googleapis.com/securitycenter,83.0
no-$ref-siblings,googleapis.com/chat,74.0
no-$ref-siblings,googleapis.com/dialogflow,1020.0
no-$ref-siblings,googleapis.com/documentai,440.0
no-$ref-siblings,googleapis.com/artifactregistry,27.0
no-$ref-siblings,googleapis.com/analyticsdata,82.0
no-$ref-siblings,googleapis.com/file,30.0
no-$ref-siblings,googleapis.com/cloudresourcemanager,31.0
no-$ref-siblings,googleapis.com/youtubereporting,17.0
no-$ref-siblings,googleapis.com/firestore,116.0
no-$ref-siblings,googleapis.com/translate,31.0
no-$ref-siblings,googleapis.com/redis,18.0
no-$ref-siblings,googleapis.com/cloudkms,15.0
no-$ref-siblings,googleapis.com/accessapproval,10.0
no-$ref-siblings,googleapis.com/shoppingcontent,186.0
no-$ref-siblings,googleapis.com/websecurityscanner,39.0
no-$ref-siblings,googleapis.com/recaptchaenterprise,10.0
no-$ref-siblings,googleapis.com/contactcenterinsights,59.0
no-$ref-siblings,googleapis.com/recommendationengine,25.0
no-$ref-siblings,googleapis.com/cloudidentity,46.0
no-$ref-siblings,googleapis.com/healthcare,112.0
no-$ref-siblings,googleapis.com/composer,29.0
no-$ref-siblings,googleapis.com/searchconsole,3.0
no-$ref-siblings,googleapis.com/appengine,67.0
no-$ref-siblings,googleapis.com/dfareporting,527.0
no-$ref-siblings,googleapis.com/apikeys,6.0
no-$ref-siblings,googleapis.com/bigqueryconnection,6.0
no-$ref-siblings,googleapis.com/commentanalyzer,9.0
no-$ref-siblings,googleapis.com/doubleclickbidmanager,12.0
no-$ref-siblings,googleapis.com/fcmdata,5.0
no-$ref-siblings,googleapis.com/prod_tt_sasportal,12.0
no-$ref-siblings,googleapis.com/deploymentmanager,66.0
no-$ref-siblings,googleapis.com/datafusion,14.0
no-$ref-siblings,googleapis.com/tagmanager,73.0
no-$ref-siblings,googleapis.com/discovery,30.0
no-$ref-siblings,googleapis.com/storagetransfer,23.0
no-$ref-siblings,googleapis.com/admin,8.0
no-$ref-siblings,googleapis.com/bigqueryreservation,11.0
no-$ref-siblings,googleapis.com/doubleclicksearch,3.0
no-$ref-siblings,googleapis.com/ondemandscanning,72.0
no-$ref-siblings,googleapis.com/cloudbuild,194.0
no-$ref-siblings,googleapis.com/policyanalyzer,2.0
no-$ref-siblings,googleapis.com/workflows,2.0
no-$ref-siblings,googleapis.com/secretmanager,24.0
no-$ref-siblings,googleapis.com/transcoder,30.0
no-$ref-siblings,googleapis.com/accesscontextmanager,19.0
no-$ref-siblings,googleapis.com/content,411.0
no-$ref-siblings,googleapis.com/androidpublisher,43.0
no-$ref-siblings,googleapis.com/digitalassetlinks,5.0
no-$ref-siblings,googleapis.com/classroom,38.0
no-$ref-siblings,googleapis.com/chromeuxreport,4.0
no-$ref-siblings,googleapis.com/admob,40.0
no-$ref-siblings,googleapis.com/gameservices,57.0
no-$ref-siblings,googleapis.com/language,47.0
no-$ref-siblings,googleapis.com/retail,169.0
no-$ref-siblings,googleapis.com/bigquery,126.0
no-$ref-siblings,googleapis.com/driveactivity,64.0
no-$ref-siblings,googleapis.com/homegraph,7.0
no-$ref-siblings,googleapis.com/vision,578.0
no-$ref-siblings,googleapis.com/firebaseappcheck,2.0
no-$ref-siblings,googleapis.com/automl,104.0
no-$ref-siblings,googleapis.com/appsactivity,7.0
no-$ref-siblings,googleapis.com/cloudsearch,84.0
no-$ref-siblings,googleapis.com/books,18.0
no-$ref-siblings,googleapis.com/docs,238.0
no-$ref-siblings,googleapis.com/firebasehosting,18.0
no-$ref-siblings,googleapis.com/youtube,152.0
no-$ref-siblings,googleapis.com/adsensehost,1.0
no-$ref-siblings,googleapis.com/lifesciences,23.0
no-$ref-siblings,googleapis.com/adexchangebuyer,37.0
no-$ref-siblings,googleapis.com/streetviewpublish,10.0
no-$ref-siblings,googleapis.com/sourcerepo,6.0
no-$ref-siblings,googleapis.com/vectortile,13.0
no-$ref-siblings,googleapis.com/paymentsresellersubscription,13.0
no-$ref-siblings,googleapis.com/localservices,5.0
no-$ref-siblings,googleapis.com/servicebroker,8.0
no-$ref-siblings,googleapis.com/speech,23.0
no-$ref-siblings,googleapis.com/script,16.0
no-$ref-siblings,googleapis.com/realtimebidding,34.0
no-$ref-siblings,googleapis.com/chromepolicy,11.0
no-$ref-siblings,googleapis.com/storage,5.0
no-$ref-siblings,googleapis.com/slides,199.0
no-$ref-siblings,googleapis.com/reseller,5.0
no-$ref-siblings,googleapis.com/androidenterprise,28.0
no-$ref-siblings,googleapis.com/adsense,10.0
no-$ref-siblings,googleapis.com/videointelligence,480.0
no-$ref-siblings,googleapis.com/datamigration,40.0
no-$ref-siblings,googleapis.com/testing,64.0
no-$ref-siblings,googleapis.com/container,232.0
no-$ref-siblings,googleapis.com/datastore,120.0
no-$ref-siblings,googleapis.com/memcache,38.0
no-$ref-siblings,googleapis.com/cloudtrace,21.0
no-$ref-siblings,googleapis.com/iap,16.0
no-$ref-siblings,googleapis.com/policysimulator,42.0
no-$ref-siblings,googleapis.com/firebase,4.0
no-$ref-siblings,googleapis.com/iam,12.0
no-$ref-siblings,googleapis.com/bigtableadmin,43.0
no-$ref-siblings,googleapis.com/servicedirectory,6.0
no-$ref-siblings,googleapis.com/recommender,16.0
no-$ref-siblings,googleapis.com/trafficdirector,19.0
no-$ref-siblings,googleapis.com/cloudasset,222.0
no-$ref-siblings,googleapis.com/cloudbilling,7.0
no-$ref-siblings,googleapis.com/compute,740.0
no-$ref-siblings,googleapis.com/displayvideo,162.0
no-$ref-siblings,googleapis.com/ml,42.0
no-$ref-siblings,googleapis.com/networkconnectivity,3.0
no-$ref-siblings,googleapis.com/cloudprofiler,2.0
no-$ref-siblings,googleapis.com/eventarc,15.0
no-$ref-siblings,googleapis.com/analyticsadmin,22.0
no-$ref-siblings,googleapis.com/verifiedaccess,3.0
no-$ref-siblings,googleapis.com/safebrowsing,17.0
no-$ref-siblings,googleapis.com/people,58.0
no-$ref-siblings,googleapis.com/fcm,12.0
no-$ref-siblings,googleapis.com/manufacturers,6.0
no-$ref-siblings,googleapis.com/servicecontrol,51.0
no-$ref-siblings,googleapis.com/datalabeling,201.0
no-$ref-siblings,googleapis.com/dlp,209.0
no-$ref-siblings,googleapis.com/containeranalysis,135.0
no-$ref-siblings,googleapis.com/cloudtasks,54.0
no-$ref-siblings,googleapis.com/pubsub,27.0
no-$ref-siblings,googleapis.com/texttospeech,7.0
no-$ref-siblings,googleapis.com/cloudprivatecatalogproducer,4.0
no-$ref-siblings,googleapis.com/sasportal,12.0
no-$ref-siblings,googleapis.com/spanner,85.0
no-$ref-siblings,googleapis.com/serviceusage,73.0
no-$ref-siblings,googleapis.com/chromemanagement,6.0
no-$ref-siblings,googleapis.com/fitness,9.0
no-$ref-siblings,googleapis.com/androiddeviceprovisioning,22.0
no-$ref-siblings,googleapis.com/indexing,3.0
no-$ref-siblings,googleapis.com/firebaseml,6.0
no-$ref-siblings,googleapis.com/tpu,4.0
no-$ref-siblings,googleapis.com/domainsrdap,1.0
no-$ref-siblings,googleapis.com/playablelocations,7.0
no-$ref-siblings,googleapis.com/androidmanagement,41.0
no-$ref-siblings,googleapis.com/run,79.0
no-$ref-siblings,googleapis.com/jobs,199.0
no-$ref-siblings,googleapis.com/networksecurity,11.0
no-$ref-siblings,googleapis.com/clouddebugger,22.0
no-$ref-siblings,googleapis.com/monitoring,94.0
no-$ref-siblings,googleapis.com/youtubeAnalytics,9.0
no-$ref-siblings,googleapis.com/policytroubleshooter,8.0
no-$ref-siblings,googleapis.com/assuredworkloads,22.0
no-$ref-siblings,googleapis.com/gamesConfiguration,15.0
no-$ref-siblings,googleapis.com/cloudscheduler,16.0
no-$ref-siblings,googleapis.com/my-business,124.0
no-$ref-siblings,googleapis.com/drive,23.0
no-$ref-siblings,googleapis.com/dns,50.0
no-$ref-siblings,googleapis.com/analyticsreporting,22.0
no-$ref-siblings,googleapis.com/blogger,6.0
no-$ref-siblings,googleapis.com/replicapool,9.0
no-$ref-siblings,googleapis.com/games,19.0
no-$ref-siblings,googleapis.com/serviceconsumermanagement,57.0
no-$ref-siblings,googleapis.com/notebooks,29.0
no-$ref-siblings,googleapis.com/logging,17.0
no-$ref-siblings,googleapis.com/adexperiencereport,2.0
no-$ref-siblings,googleapis.com/bigquerydatatransfer,6.0
no-$ref-siblings,googleapis.com/datacatalog,57.0
no-$ref-siblings,googleapis.com/cloudshell,5.0
no-$ref-siblings,googleapis.com/cloudchannel,59.0
no-$ref-siblings,googleapis.com/osconfig,133.0
no-$ref-siblings,googleapis.com/gmail,7.0
no-$ref-siblings,googleapis.com/workflowexecutions,8.0
no-$ref-siblings,googleapis.com/apigateway,18.0
no-$ref-siblings,googleapis.com/metastore,30.0
no-$ref-siblings,googleapis.com/pubsublite,13.0
no-$ref-siblings,googleapis.com/vault,39.0
no-$ref-siblings,googleapis.com/analytics,16.0
no-$ref-siblings,googleapis.com/poly,9.0
no-$ref-siblings,googleapis.com/firebaserules,13.0
no-$ref-siblings,googleapis.com/plus,2.0
no-$ref-siblings,googleapis.com/dataproc,167.0
no-$ref-siblings,googleapis.com/mirror,4.0
no-$ref-siblings,googleapis.com/managedidentities,70.0
no-$ref-siblings,googleapis.com/sql,43.0
no-$ref-siblings,atlassian.com,0.5
no-$ref-siblings,mastercard.com,0.06666666666666667
no-$ref-siblings,azure.com/healthcareapis-healthcare-apis,16.0
no-$ref-siblings,azure.com/network-routeFilter,86.0
no-$ref-siblings,azure.com/streamanalytics-outputs,21.0
no-$ref-siblings,azure.com/iotspaces,4.0
no-$ref-siblings,azure.com/cognitiveservices-LUIS-Programmatic,14.0
no-$ref-siblings,azure.com/monitor-diagnosticsSettings_API,4.0
no-$ref-siblings,azure.com/security-assessments,2.0
no-$ref-siblings,azure.com/streamanalytics-streamingjobs,8.0
no-$ref-siblings,azure.com/security-informationProtectionPolicies,4.0
no-$ref-siblings,azure.com/recoveryservicesbackup-backupManagement,46.0
no-$ref-siblings,azure.com/datashare-DataShare,142.0
no-$ref-siblings,azure.com/eventhub-EventHub-preview,8.0
no-$ref-siblings,azure.com/containerregistry-containerregistry_scopemap,10.0
no-$ref-siblings,azure.com/sql-instancePools,2.0
no-$ref-siblings,azure.com/resources-links,1.0
no-$ref-siblings,azure.com/sql-recommendedElasticPools,2.0
no-$ref-siblings,azure.com/mysql-PerformanceRecommendations,4.0
no-$ref-siblings,azure.com/sql-failoverGroups,8.0
no-$ref-siblings,azure.com/network-firewallPolicy,30.0
no-$ref-siblings,azure.com/containerregistry-containerregistry_build,150.0
no-$ref-siblings,azure.com/cognitiveservices-AnomalyDetector,3.0
no-$ref-siblings,azure.com/network-routeTable,42.0
no-$ref-siblings,azure.com/resourcegraph,14.0
no-$ref-siblings,azure.com/sql-cancelOperations,4.0
no-$ref-siblings,azure.com/security-assessmentMetadata,2.0
no-$ref-siblings,azure.com/security-topologies,2.0
no-$ref-siblings,azure.com/resources-policySetDefinitions,12.0
no-$ref-siblings,azure.com/resources-policy,8.0
no-$ref-siblings,azure.com/mediaservices-MediaGraphs,4.0
no-$ref-siblings,azure.com/resourcehealth-ResourceHealth,8.0
no-$ref-siblings,azure.com/monitor-logProfiles_API,5.0
no-$ref-siblings,azure.com/apimanagement-apimproperties,4.0
no-$ref-siblings,azure.com/sql-shortTermRetentionPolicies,2.0
no-$ref-siblings,azure.com/frontdoor-networkexperiment,18.0
no-$ref-siblings,azure.com/postgresql,86.0
no-$ref-siblings,azure.com/windowsesu,1.0
no-$ref-siblings,azure.com/search-searchservice,125.0
no-$ref-siblings,azure.com/sql-syncMembers,2.0
no-$ref-siblings,azure.com/azsadmin-containers,2.0
no-$ref-siblings,azure.com/sql-ManagedBackupShortTermRetention,2.0
no-$ref-siblings,azure.com/sql-ManagedRestorableDroppedDatabaseBackupShortTermRetenion,2.0
no-$ref-siblings,azure.com/servicebus,75.0
no-$ref-siblings,azure.com/machinelearning-webservices,29.0
no-$ref-siblings,azure.com/apimanagement-apimversionsets,11.0
no-$ref-siblings,azure.com/compute-skus,8.0
no-$ref-siblings,azure.com/advisor,28.0
no-$ref-siblings,azure.com/batch-BatchManagement,377.0
no-$ref-siblings,azure.com/sql-WorkloadClassifiers,2.0
no-$ref-siblings,azure.com/apimanagement,8.0
no-$ref-siblings,azure.com/operationalinsights-OperationalInsights,28.0
no-$ref-siblings,azure.com/applicationinsights-workbooks_API,6.0
no-$ref-siblings,azure.com/azureactivedirectory,8.0
no-$ref-siblings,azure.com/sql-capabilities,79.0
no-$ref-siblings,azure.com/security-advancedThreatProtectionSettings,2.0
no-$ref-siblings,azure.com/sql-backupLongTermRetentionPolicies,2.0
no-$ref-siblings,azure.com/containerservices-containerService,49.0
no-$ref-siblings,azure.com/applicationinsights-webTests_API,2.0
no-$ref-siblings,azure.com/domainservices,26.0
no-$ref-siblings,azure.com/cognitiveservices-InkRecognizer,1.0
no-$ref-siblings,azure.com/storageimportexport,11.0
no-$ref-siblings,azure.com/mixedreality-proxy,3.0
no-$ref-siblings,azure.com/notificationhubs,102.0
no-$ref-siblings,azure.com/devops,11.0
no-$ref-siblings,azure.com/sql-serverDnsAliases,2.0
no-$ref-siblings,azure.com/edgegateway,72.0
no-$ref-siblings,azure.com/workloadmonitor-Microsoft.WorkloadMonitor,14.0
no-$ref-siblings,azure.com/applicationinsights-QueryPackQueries_API,2.0
no-$ref-siblings,azure.com/sql-ManagedServerSecurityAlertPolicy,2.0
no-$ref-siblings,azure.com/sql-serverOperations,2.0
no-$ref-siblings,azure.com/monitor-actionGroups_API,40.0
no-$ref-siblings,azure.com/portal,15.0
no-$ref-siblings,azure.com/automation-python2package,10.0
no-$ref-siblings,azure.com/network-applicationGateway,1340.0
no-$ref-siblings,azure.com/recoveryservices-replicationusages,2.0
no-$ref-siblings,azure.com/azsadmin-shares,3.0
no-$ref-siblings,azure.com/maintenance-Maintenance,10.0
no-$ref-siblings,azure.com/managedservices,16.0
no-$ref-siblings,azure.com/sql-databaseVulnerabilityAssessmentBaselines,2.0
no-$ref-siblings,azure.com/sql-PrivateLinkResources,2.0
no-$ref-siblings,azure.com/storagesync,382.0
no-$ref-siblings,azure.com/apimanagement-apimusers,18.0
no-$ref-siblings,azure.com/applicationinsights-components_API,2.0
no-$ref-siblings,azure.com/streamanalytics-functions,16.0
no-$ref-siblings,azure.com/security-pricings,4.0
no-$ref-siblings,azure.com/containerregistry,192.0
no-$ref-siblings,azure.com/imds,215.0
no-$ref-siblings,azure.com/hdinsight-capabilities,1.0
no-$ref-siblings,azure.com/hardwaresecuritymodules-dedicatedhsm,8.0
no-$ref-siblings,azure.com/mariadb-DataEncryptionKeys,2.0
no-$ref-siblings,azure.com/mariadb-PrivateEndpointConnections,8.0
no-$ref-siblings,azure.com/digitaltwins,11.0
no-$ref-siblings,azure.com/sql-managedDatabases,14.0
no-$ref-siblings,azure.com/mediaservices-Assets,5.0
no-$ref-siblings,azure.com/hanaonazure,9.0
no-$ref-siblings,azure.com/compute-swagger,8.0
no-$ref-siblings,azure.com/sql-databaseAutomaticTuning,2.0
no-$ref-siblings,azure.com/resources-management,16.0
no-$ref-siblings,azure.com/sql-virtualclusters,4.0
no-$ref-siblings,azure.com/network-virtualNetwork,280.0
no-$ref-siblings,azure.com/mariadb,76.0
no-$ref-siblings,azure.com/containerservice-location,8.0
no-$ref-siblings,azure.com/sql-recommendedElasticPoolsDecoupled,2.0
no-$ref-siblings,azure.com/apimanagement-apimbackends,19.0
no-$ref-siblings,azure.com/hybridcompute-HybridCompute,33.0
no-$ref-siblings,azure.com/monitor-tenantActivityLogs_API,20.0
no-$ref-siblings,azure.com/sql-databaseVulnerabilityAssessmentScans,4.0
no-$ref-siblings,azure.com/apimanagement-apimdeployment,111.0
no-$ref-siblings,azure.com/reservations-quota,39.0
no-$ref-siblings,azure.com/cosmos-db,707.0
no-$ref-siblings,azure.com/monitor-activityLogs_API,20.0
no-$ref-siblings,azure.com/security-subAssessments,1.0
no-$ref-siblings,azure.com/web-Diagnostics,24.0
no-$ref-siblings,azure.com/network-publicIpAddress,83.0
no-$ref-siblings,azure.com/monitor-privateLinkScopes_API,10.0
no-$ref-siblings,azure.com/storagecache,32.0
no-$ref-siblings,azure.com/security-serverVulnerabilityAssessments,1.0
no-$ref-siblings,azure.com/apimanagement-apimloggers,12.0
no-$ref-siblings,azure.com/sql-DatabaseSchema,2.0
no-$ref-siblings,azure.com/sql-ManagedInstanceVulnerabilityAssessments,3.0
no-$ref-siblings,azure.com/analysisservices,50.0
no-$ref-siblings,azure.com/sql-ManagedInstanceTdeCertificates,2.0
no-$ref-siblings,azure.com/operationalinsights-Clusters,6.0
no-$ref-siblings,azure.com/network-virtualWan,296.0
no-$ref-siblings,azure.com/keyvault,210.0
no-$ref-siblings,azure.com/mysql-PrivateLinkResources,4.0
no-$ref-siblings,azure.com/security,30.0
no-$ref-siblings,azure.com/containerservices-location,2.0
no-$ref-siblings,azure.com/apimanagement-apimtags,12.0
no-$ref-siblings,azure.com/redis,104.0
no-$ref-siblings,azure.com/sql-ManagedDatabaseSchema,2.0
no-$ref-siblings,azure.com/sql-importExport,4.0
no-$ref-siblings,azure.com/mediaservices-streamingservice,127.0
no-$ref-siblings,azure.com/azsadmin-blobServices,6.0
no-$ref-siblings,azure.com/trafficmanager-trafficmanageranalytics,3.0
no-$ref-siblings,azure.com/signalr,24.0
no-$ref-siblings,azure.com/automation-connection,8.0
no-$ref-siblings,azure.com/network-ipGroups,4.0
no-$ref-siblings,azure.com/reservations,19.0
no-$ref-siblings,azure.com/security-tasks,1.0
no-$ref-siblings,azure.com/automation-connectionType,4.0
no-$ref-siblings,azure.com/resourcehealth,2.0
no-$ref-siblings,azure.com/datalake-store-account,63.0
no-$ref-siblings,azure.com/apimanagement-apimproducts,4.0
no-$ref-siblings,azure.com/compute-gallery,30.0
no-$ref-siblings,azure.com/network-interfaceEndpoint,15.0
no-$ref-siblings,azure.com/automation-sourceControlSyncJobStreams,4.0
no-$ref-siblings,azure.com/network-networkProfile,117.0
no-$ref-siblings,azure.com/machinelearningcompute-machineLearningCompute,49.0
no-$ref-siblings,azure.com/monitor-metricAlert_API,9.0
no-$ref-siblings,azure.com/consumption,523.0
no-$ref-siblings,azure.com/authorization-authorization-RoleDefinitionsCalls,4.0
no-$ref-siblings,azure.com/apimanagement-apimnetworkstatus,4.0
no-$ref-siblings,azure.com/azuredata,6.0
no-$ref-siblings,azure.com/network-virtualNetworkTap,45.0
no-$ref-siblings,azure.com/cognitiveservices-QnAMaker,5.0
no-$ref-siblings,azure.com/storsimple8000series-storsimple,96.0
no-$ref-siblings,azure.com/network-expressRouteGateway,46.0
no-$ref-siblings,azure.com/network-ddosCustomPolicy,21.0
no-$ref-siblings,azure.com/mediaservices-Accounts,20.0
no-$ref-siblings,azure.com/windowsiot-WindowsIotServices,6.0
no-$ref-siblings,azure.com/containerservice-containerService,49.0
no-$ref-siblings,azure.com/resources-policyDefinitions,13.0
no-$ref-siblings,azure.com/frontdoor,136.0
no-$ref-siblings,azure.com/authorization-authorization-DenyAssignmentGetCalls,2.0
no-$ref-siblings,azure.com/resources,322.0
no-$ref-siblings,azure.com/automation-module,13.0
no-$ref-siblings,azure.com/sql-ManagedDatabaseSecurityAlertPolicies,2.0
no-$ref-siblings,azure.com/datafactory,39.0
no-$ref-siblings,azure.com/mysql-DataEncryptionKeys,2.0
no-$ref-siblings,azure.com/resources-deploymentScripts,11.0
no-$ref-siblings,azure.com/migrateprojects-migrate,50.0
no-$ref-siblings,azure.com/sql-metrics,4.0
no-$ref-siblings,azure.com/azsadmin-acquisitions,7.0
no-$ref-siblings,azure.com/EnterpriseKnowledgeGraph-EnterpriseKnowledgeGraphSwagger,5.0
no-$ref-siblings,azure.com/machinelearningservices-runHistory,16.0
no-$ref-siblings,azure.com/privatedns,10.0
no-$ref-siblings,azure.com/network,267.0
no-$ref-siblings,azure.com/storage-file,12.0
no-$ref-siblings,azure.com/sql-cancelPoolOperations,2.0
no-$ref-siblings,azure.com/policyinsights-remediations,15.0
no-$ref-siblings,azure.com/sql-serverKeys,2.0
no-$ref-siblings,azure.com/sql-dataWarehouseUserActivities,2.0
no-$ref-siblings,azure.com/mediaservices-ContentKeyPolicies,23.0
no-$ref-siblings,azure.com/trafficmanager,56.0
no-$ref-siblings,azure.com/sql-PrivateEndpointConnections,4.0
no-$ref-siblings,azure.com/imagebuilder,41.0
no-$ref-siblings,azure.com/machinelearningservices-hyperdrive,4.0
no-$ref-siblings,azure.com/deploymentmanager,48.0
no-$ref-siblings,azure.com/databricks,22.0
no-$ref-siblings,azure.com/automation-dscConfiguration,9.0
no-$ref-siblings,azure.com/recoveryservices-vaultusages,1.0
no-$ref-siblings,azure.com/appconfiguration,32.0
no-$ref-siblings,azure.com/vmwarecloudsimple,44.0
no-$ref-siblings,azure.com/storage-managementpolicy,5.0
no-$ref-siblings,azure.com/web-logicAppsManagementClient,18.0
no-$ref-siblings,azure.com/web-WebApps,74.0
no-$ref-siblings,azure.com/network-usage,23.0
no-$ref-siblings,azure.com/sql-ServerVulnerabilityAssessments,3.0
no-$ref-siblings,azure.com/eventhub-EventHub,27.0
no-$ref-siblings,azure.com/logic,942.0
no-$ref-siblings,azure.com/blueprint-blueprintDefinition,51.0
no-$ref-siblings,azure.com/sql-blobAuditingPolicies,2.0
no-$ref-siblings,azure.com/sql-databases,26.0
no-$ref-siblings,azure.com/scheduler,90.0
no-$ref-siblings,azure.com/monitor-vmInsightsOnboarding_API,2.0
no-$ref-siblings,azure.com/iothub,100.0
no-$ref-siblings,azure.com/recoveryservicesbackup,32.0
no-$ref-siblings,azure.com/automation-credential,6.0
no-$ref-siblings,azure.com/resources-subscriptions,6.0
no-$ref-siblings,azure.com/customerlockbox,3.0
no-$ref-siblings,azure.com/cognitiveservices-LUIS-Runtime,8.0
no-$ref-siblings,azure.com/keyvault-providers,16.0
no-$ref-siblings,azure.com/containerservice-managedClusters,355.0
no-$ref-siblings,azure.com/sqlvirtualmachine-sqlvm,26.0
no-$ref-siblings,azure.com/web-Domains,63.0
no-$ref-siblings,azure.com/sql-restorePoints,4.0
no-$ref-siblings,azure.com/streamanalytics-transformations,2.0
no-$ref-siblings,azure.com/adhybridhealthservice-ADHybridHealthService,12.0
no-$ref-siblings,azure.com/cdn-cdnwebapplicationfirewall,10.0
no-$ref-siblings,azure.com/automation-dscCompilationJob,16.0
no-$ref-siblings,azure.com/sql-managedDatabaseVulnerabilityAssesmentRuleBaselines,2.0
no-$ref-siblings,azure.com/keyvault-secrets,20.0
no-$ref-siblings,azure.com/sql-dataMasking,4.0
no-$ref-siblings,azure.com/network-vmssNetworkInterface,29.0
no-$ref-siblings,azure.com/sql-managedDatabaseSensitivityLabels,2.0
no-$ref-siblings,azure.com/security-jitNetworkAccessPolicies,1.0
no-$ref-siblings,azure.com/sql-blobAuditing,10.0
no-$ref-siblings,azure.com/sql-instanceFailoverGroups,4.0
no-$ref-siblings,azure.com/cognitiveservices-FormRecognizer,1.0
no-$ref-siblings,azure.com/apimanagement-apimcertificates,8.0
no-$ref-siblings,azure.com/hybriddatamanager-hybriddata,22.0
no-$ref-siblings,azure.com/sql-restorableDroppedManagedDatabases,2.0
no-$ref-siblings,azure.com/datalake-analytics-account,67.0
no-$ref-siblings,azure.com/streamanalytics-inputs,25.0
no-$ref-siblings,azure.com/marketplaceordering-Agreements,2.0
no-$ref-siblings,azure.com/peering,144.0
no-$ref-siblings,azure.com/mariadb-PrivateLinkResources,4.0
no-$ref-siblings,azure.com/databoxedge,230.0
no-$ref-siblings,azure.com/frontdoor-webapplicationfirewall,33.0
no-$ref-siblings,azure.com/automation-account,10.0
no-$ref-siblings,azure.com/applicationinsights-workbookTemplates_API,4.0
no-$ref-siblings,azure.com/storage,561.0
no-$ref-siblings,azure.com/applicationinsights-eaSubscriptionMigration_API,1.0
no-$ref-siblings,azure.com/storage-blob,102.0
no-$ref-siblings,azure.com/automation-watcher,4.0
no-$ref-siblings,azure.com/monitor-baseline_API,10.0
no-$ref-siblings,azure.com/maps-maps-management,19.0
no-$ref-siblings,azure.com/search,19.0
no-$ref-siblings,azure.com/postgresql-PrivateLinkResources,4.0
no-$ref-siblings,azure.com/network-operation,34.0
no-$ref-siblings,azure.com/monitor-metricDefinitions_API,7.0
no-$ref-siblings,azure.com/automation-sourceControl,8.0
no-$ref-siblings,azure.com/security-applicationWhitelistings,3.0
no-$ref-siblings,azure.com/sql-DatabaseSecurityAlertPolicies,4.0
no-$ref-siblings,azure.com/web-service,52.0
no-$ref-siblings,azure.com/apimanagement-apimidentityprovider,8.0
no-$ref-siblings,azure.com/sql-managedDatabaseVulnerabilityAssessmentScans,4.0
no-$ref-siblings,azure.com/apimanagement-apimgroups,6.0
no-$ref-siblings,azure.com/sql-WorkloadGroups,2.0
no-$ref-siblings,azure.com/blockchain,11.0
no-$ref-siblings,azure.com/managednetwork-managedNetwork,12.0
no-$ref-siblings,azure.com/automation-jobSchedule,8.0
no-$ref-siblings,azure.com/azsadmin-Quotas,2.0
no-$ref-siblings,azure.com/sql-ManagedInstanceEncryptionProtectors,2.0
no-$ref-siblings,azure.com/mariadb-PerformanceRecommendations,4.0
no-$ref-siblings,azure.com/machinelearningservices-execution,28.0
no-$ref-siblings,azure.com/containerservice-openShiftManagedClusters,40.0
no-$ref-siblings,azure.com/sql-advisors,11.0
no-$ref-siblings,azure.com/automation-softwareUpdateConfiguration,19.0
no-$ref-siblings,azure.com/network-azureFirewallFqdnTag,14.0
no-$ref-siblings,azure.com/apimanagement-apimemailtemplate,12.0
no-$ref-siblings,azure.com/automation-softwareUpdateConfigurationRun,6.0
no-$ref-siblings,azure.com/guestconfiguration,23.0
no-$ref-siblings,azure.com/resources-locks,4.0
no-$ref-siblings,azure.com/security-securityContacts,2.0
no-$ref-siblings,azure.com/mediaservices-StreamingPoliciesAndStreamingLocators,65.0
no-$ref-siblings,azure.com/migrate,31.0
no-$ref-siblings,azure.com/sql-ManagedInstanceKeys,2.0
no-$ref-siblings,azure.com/automation-hybridRunbookWorkerGroup,2.0
no-$ref-siblings,azure.com/servicebus-servicebus-preview,10.0
no-$ref-siblings,azure.com/network-serviceCommunity,26.0
no-$ref-siblings,azure.com/sql-serverSecurityAlertPolicies,2.0
no-$ref-siblings,azure.com/cdn,65.0
no-$ref-siblings,azure.com/postgresql-PrivateEndpointConnections,8.0
no-$ref-siblings,azure.com/sql-operations,2.0
no-$ref-siblings,azure.com/timeseriesinsights,90.0
no-$ref-siblings,azure.com/apimanagement-apimapis,3.0
no-$ref-siblings,azure.com/compute,1185.0
no-$ref-siblings,azure.com/support,15.0
no-$ref-siblings,azure.com/automation-certificate,6.0
no-$ref-siblings,azure.com/servicefabric,49.0
no-$ref-siblings,azure.com/apimanagement-apimauthorizationservers,8.0
no-$ref-siblings,azure.com/devspaces,7.0
no-$ref-siblings,azure.com/postgresql-DataEncryptionKeys,2.0
no-$ref-siblings,azure.com/powerbidedicated,8.0
no-$ref-siblings,azure.com/policyinsights-policyStates,46.0
no-$ref-siblings,azure.com/recoveryservicesbackup-bms,168.0
no-$ref-siblings,azure.com/network-virtualRouter,16.0
no-$ref-siblings,azure.com/recoveryservicesbackup-operations,3.0
no-$ref-siblings,azure.com/automation-dscNode,13.0
no-$ref-siblings,azure.com/mediaservices-Encoding,44.0
no-$ref-siblings,azure.com/hdinsight-job,7.0
no-$ref-siblings,azure.com/mysql-QueryPerformanceInsights,10.0
no-$ref-siblings,azure.com/cosmos-db-privateLinkResources,2.0
no-$ref-siblings,azure.com/monitor-activityLogAlerts_API,10.0
no-$ref-siblings,azure.com/network-expressRouteCrossConnection,58.0
no-$ref-siblings,azure.com/compute-containerService,36.0
no-$ref-siblings,azure.com/mysql,103.0
no-$ref-siblings,azure.com/blueprint-blueprintAssignment,23.0
no-$ref-siblings,azure.com/resourcegraph-graphquery,4.0
no-$ref-siblings,azure.com/automation-webhook,8.0
no-$ref-siblings,azure.com/sql-TdeCertificates,2.0
no-$ref-siblings,azure.com/cognitiveservices-QnAMakerRuntime,3.0
no-$ref-siblings,azure.com/security-discoveredSecuritySolutions,1.0
no-$ref-siblings,azure.com/resources-policyAssignments,25.0
no-$ref-siblings,azure.com/monitor-autoscale_API,11.0
no-$ref-siblings,azure.com/sql-geoBackupPolicies,2.0
no-$ref-siblings,azure.com/automation-dscNodeConfiguration,12.0
no-$ref-siblings,azure.com/authorization-authorization-ClassicAdminCalls,4.0
no-$ref-siblings,azure.com/applicationinsights-componentFeaturesAndPricing_API,5.0
no-$ref-siblings,azure.com/network-networkSecurityGroup,42.0
no-$ref-siblings,azure.com/sql-syncGroups,3.0
no-$ref-siblings,azure.com/addons-Addons,4.0
no-$ref-siblings,azure.com/azsadmin-farms,6.0
no-$ref-siblings,azure.com/apimanagement-apimsubscriptions,6.0
no-$ref-siblings,azure.com/monitor-metricNamespaces_API,1.0
no-$ref-siblings,azure.com/containerinstance-containerInstance,129.0
no-$ref-siblings,azure.com/monitor-scheduledQueryRule_API,15.0
no-$ref-siblings,azure.com/network-networkWatcherConnectionMonitorV1,6.0
no-$ref-siblings,azure.com/search-searchindex,6.0
no-$ref-siblings,azure.com/applicationinsights-QueryPacks_API,2.0
no-$ref-siblings,azure.com/recoveryservicessiterecovery-service,407.0
no-$ref-siblings,azure.com/cognitiveservices-Personalizer,3.0
no-$ref-siblings,azure.com/security-adaptiveNetworkHardenings,3.0
no-$ref-siblings,azure.com/recoveryservices-vaults,5.0
no-$ref-siblings,azure.com/network-networkInterface,198.0
no-$ref-siblings,azure.com/subscription-subscriptions,4.0
no-$ref-siblings,azure.com/sql-replicationLinks,2.0
no-$ref-siblings,azure.com/network-azureFirewall,188.0
no-$ref-siblings,azure.com/hdinsight-applications,2.0
no-$ref-siblings,azure.com/apimanagement-apimquotas,6.0
no-$ref-siblings,azure.com/sql-syncAgents,4.0
no-$ref-siblings,azure.com/visualstudio-Projects,8.0
no-$ref-siblings,azure.com/sql-backups,4.0
no-$ref-siblings,azure.com/securityinsights-SecurityInsights,160.0
no-$ref-siblings,azure.com/monitor-metrics_API,8.0
no-$ref-siblings,azure.com/locationbasedservices,4.0
no-$ref-siblings,azure.com/sql-serverAutomaticTuning,2.0
no-$ref-siblings,azure.com/addons-addons-swagger,4.0
no-$ref-siblings,azure.com/web-Provider,2.0
no-$ref-siblings,azure.com/mysql-PrivateEndpointConnections,8.0
no-$ref-siblings,azure.com/sql-servers,18.0
no-$ref-siblings,azure.com/monitor-subscriptionDiagnosticsSettings_API,2.0
no-$ref-siblings,azure.com/intune,22.0
no-$ref-siblings,azure.com/azsadmin-tableServices,3.0
no-$ref-siblings,azure.com/machinelearning-workspaces,10.0
no-$ref-siblings,azure.com/network-loadBalancer,513.0
no-$ref-siblings,azure.com/sql-connectionPolicies,2.0
no-$ref-siblings,azure.com/databox,88.0
no-$ref-siblings,azure.com/security-workspaceSettings,2.0
no-$ref-siblings,azure.com/resources-features,1.0
no-$ref-siblings,azure.com/network-applicationSecurityGroup,34.0
no-$ref-siblings,azure.com/security-autoProvisioningSettings,2.0
no-$ref-siblings,azure.com/eventgrid-EventGrid,304.0
no-$ref-siblings,azure.com/containerservices-managedClusters,80.0
no-$ref-siblings,azure.com/network-serviceEndpointPolicy,22.0
no-$ref-siblings,azure.com/security-deviceSecurityGroups,12.0
no-$ref-siblings,azure.com/security-iotSecuritySolutionAnalytics,34.0
no-$ref-siblings,azure.com/alertsmanagement-AlertsManagement,30.0
no-$ref-siblings,azure.com/apimanagement-apimopenidconnectproviders,8.0
no-$ref-siblings,azure.com/azsadmin-storage,15.0
no-$ref-siblings,azure.com/mixedreality,5.0
no-$ref-siblings,azure.com/alertsmanagement-SmartDetectorAlertRulesApi,15.0
no-$ref-siblings,azure.com/subscription-subscriptionDefinitions,2.0
no-$ref-siblings,azure.com/network-natGateway,15.0
no-$ref-siblings,azure.com/azsadmin-storageaccounts,44.0
no-$ref-siblings,azure.com/sql-sensitivityLabels,2.0
no-$ref-siblings,azure.com/mariadb-QueryPerformanceInsights,10.0
no-$ref-siblings,azure.com/security-compliances,2.0
no-$ref-siblings,azure.com/network-privateEndpoint,12.0
no-$ref-siblings,azure.com/monitor-serviceDiagnosticsSettings_API,9.0
no-$ref-siblings,azure.com/managementgroups-management,119.0
no-$ref-siblings,azure.com/security-regulatoryCompliance,6.0
no-$ref-siblings,azure.com/network-bastionHost,16.0
no-$ref-siblings,azure.com/sql-usages,6.0
no-$ref-siblings,azure.com/storSimple1200Series-StorSimple,72.0
no-$ref-siblings,azure.com/sql-recoverableManagedDatabases,2.0
no-$ref-siblings,azure.com/authorization-authorization-RACalls,4.0
no-$ref-siblings,azure.com/iotcentral,14.0
no-$ref-siblings,azure.com/applicationinsights-componentProactiveDetection_API,2.0
no-$ref-siblings,azure.com/servermanagement,4.0
no-$ref-siblings,azure.com/cognitiveservices-LUIS-Authoring,45.0
no-$ref-siblings,azure.com/sql-serverCommunicationLinks,2.0
no-$ref-siblings,azure.com/web-ResourceProvider,9.0
no-$ref-siblings,azure.com/network-serviceTags,8.0
no-$ref-siblings,azure.com/network-privateLinkService,60.0
no-$ref-siblings,azure.com/automation-schedule,12.0
no-$ref-siblings,azure.com/monitor-metricBaselines_API,2.0
no-$ref-siblings,azure.com/machinelearningexperimentation-machineLearningExperimentation,13.0
no-$ref-siblings,azure.com/sql-databaseVulnerabilityAssessments,3.0
no-$ref-siblings,azure.com/compute-runCommands,8.0
no-$ref-siblings,azure.com/security-automations,2.0
no-$ref-siblings,azure.com/policyinsights-policyMetadata,5.0
no-$ref-siblings,azure.com/security-alerts,2.0
no-$ref-siblings,azure.com/sql-serviceObjectives,2.0
no-$ref-siblings,azure.com/cognitiveservices-TextAnalytics,22.0
no-$ref-siblings,azure.com/relay,18.0
no-$ref-siblings,azure.com/network-vmssPublicIpAddress,12.0
no-$ref-siblings,azure.com/policyinsights-policyEvents,27.0
no-$ref-siblings,azure.com/monitor-alertRules_API,11.0
no-$ref-siblings,azure.com/visualstudio-Csm,12.0
no-$ref-siblings,azure.com/blueprint-assignmentOperation,4.0
no-$ref-siblings,azure.com/monitor-guestDiagnosticSettingsAssociation_API,4.0
no-$ref-siblings,azure.com/network-virtualNetworkGateway,614.0
no-$ref-siblings,azure.com/sql-jobs,18.0
no-$ref-siblings,azure.com/containerservices-openShiftManagedClusters,13.0
no-$ref-siblings,azure.com/operationsmanagement-OperationsManagement,4.0
no-$ref-siblings,azure.com/automation-runbook,28.0
no-$ref-siblings,azure.com/mediaservices-media,3.0
no-$ref-siblings,azure.com/dns,59.0
no-$ref-siblings,azure.com/apimanagement-apimdiagnostics,4.0
no-$ref-siblings,azure.com/hdinsight-locations,4.0
no-$ref-siblings,azure.com/azsadmin-queueServices,3.0
no-$ref-siblings,azure.com/engagementfabric-EngagementFabric,11.0
no-$ref-siblings,azure.com/cognitiveservices,20.0
no-$ref-siblings,azure.com/apimanagement-apimnotifications,14.0
no-$ref-siblings,azure.com/apimanagement-apimtagresources,9.0
no-$ref-siblings,azure.com/sql-backupLongTermRetentionVaults,2.0
no-$ref-siblings,azure.com/security-allowedConnections,2.0
no-$ref-siblings,azure.com/compute-disk,119.0
no-$ref-siblings,azure.com/sql-elasticPools,10.0
no-$ref-siblings,azure.com/mediaservices-AccountFilters,4.0
no-$ref-siblings,azure.com/security-complianceResults,2.0
no-$ref-siblings,azure.com/recoveryservicesbackup-jobs,4.0
no-$ref-siblings,azure.com/sql-ServerAzureADAdministrators,4.0
no-$ref-siblings,azure.com/automation-job,24.0
no-$ref-siblings,azure.com/automation-softwareUpdateConfigurationMachineRun,4.0
no-$ref-siblings,azure.com/machinelearningservices-machineLearningServices,195.0
no-$ref-siblings,azure.com/datacatalog,3.0
no-$ref-siblings,azure.com/security-iotSecuritySolutions,6.0
no-$ref-siblings,azure.com/softwareplan,16.0
no-$ref-siblings,azure.com/network-ddosProtectionPlan,26.0
no-$ref-siblings,azure.com/policyinsights-policyTrackedResources,8.0
no-$ref-siblings,azure.com/sql-managedDatabaseVulnerabilityAssessments,3.0
no-$ref-siblings,azure.com/sql-managedInstanceOperations,2.0
no-$ref-siblings,azure.com/sql-sql.core,14.0
no-$ref-siblings,azure.com/customproviders,1.0
no-$ref-siblings,azure.com/machinelearning-commitmentPlans,10.0
no-$ref-siblings,azure.com/hdinsight-cluster,56.0
no-$ref-siblings,azure.com/sql-encryptionProtectors,2.0
no-$ref-siblings,azure.com/automation-sourceControlSyncJob,6.0
no-$ref-siblings,azure.com/billing,228.0
no-$ref-siblings,azure.com/managementpartner-ManagementPartner,8.0
no-$ref-siblings,azure.com/msi-ManagedIdentity,10.0
no-$ref-siblings,azure.com/cosmos-db-privateEndpointConnection,4.0
no-$ref-siblings,azure.com/recoveryservices-backup,2.0
no-$ref-siblings,azure.com/sql-disasterRecoveryConfigurations,2.0
no-$ref-siblings,azure.com/appplatform,21.0
no-$ref-siblings,azure.com/sql-managedInstanceAdministrators,2.0
no-$ref-siblings,azure.com/sql-virtualNetworkRules,2.0
no-$ref-siblings,azure.com/sql-firewallRules,4.0
no-$ref-siblings,azure.com/mediaservices-AssetsAndAssetFilters,6.0
no-$ref-siblings,azure.com/sql-managedInstances,8.0
no-$ref-siblings,azure.com/network-expressRouteCircuit,255.0
no-$ref-siblings,azure.com/automation-variable,6.0
no-$ref-siblings,azure.com/azure-kusto,151.0
no-$ref-siblings,azure.com/resources-managedapplications,100.0
no-$ref-siblings,azure.com/monitor-diagnosticsSettingsCategories_API,2.0
no-$ref-siblings,azure.com/authorization-authorization-RoleAssignmentsCalls,14.0
no-$ref-siblings,azure.com/network-expressRoutePort,56.0
no-$ref-siblings,azure.com/cost-management-costmanagement,242.0
no-$ref-siblings,azure.com/sql-tableAuditing,6.0
no-$ref-siblings,azure.com/network-networkWatcher,340.0
no-$ref-siblings,azure.com/network-publicIpPrefix,30.0
no-$ref-siblings,azure.com/sql-longTermRetention,4.0
no-$ref-siblings,azure.com/web-AppServiceCertificateOrders,48.0
no-$ref-siblings,azure.com/monitor-guestDiagnosticSettings_API,5.0
no-$ref-siblings,deutschebahn.com,0.2857142857142857
no-$ref-siblings,clarify.io,28.5
no-$ref-siblings,va.gov,0.2
no-$ref-siblings,api.video,1.0
no-$ref-siblings,letmc.com,0.5714285714285714
no-$ref-siblings,clearblade.com,2.0
no-$ref-siblings,openapi-generator.tech,4.0
no-$ref-siblings,truora.com,6.5
no-$ref-siblings,opentrials.local,3.5
no-$ref-siblings,citrixonline.com,12.333333333333334
no-$ref-siblings,asana.com,16.5
no-$ref-siblings,lumminary.com,2.0
no-$ref-siblings,corrently.io,0.5
no-$ref-siblings,cloudmersive.com,0.5
no-$ref-siblings,instagram.com,20.5
no-$ref-siblings,npr.org,2.0
no-$ref-siblings,getgo.com,5.666666666666667
no-$ref-siblings,climate.com,0.5
no-$ref-siblings,apiz.ebay.com,12.666666666666666
no-$ref-siblings,salesloft.com,64.0
no-$ref-siblings,getsandbox.com,1.5
no-$ref-siblings,neowsapp.com,3.5
no-$ref-siblings,britbox.co.uk,2.0
no-$ref-siblings,netlify.com,1.5
no-$ref-siblings,motaword.com,8.0
no-$ref-siblings,appveyor.com,1.0
no-$ref-siblings,hetras-certification.net,18.333333333333332
no-$ref-siblings,setlist.fm,21.5
no-$ref-siblings,xero.com,3.875
no-$ref-siblings,seldon.local,0.6666666666666666
no-$ref-siblings,shotstack.io,5.0
no-$ref-siblings,presalytics.io,0.5
no-$ref-siblings,channel4.com,1.0
no-$ref-siblings,quarantine.country,4.0
no-$ref-siblings,kubernetes.io,533.3333333333334
no-$ref-siblings,thetvdb.com,0.5
no-$ref-siblings,shutterstock.com,7.0
no-$ref-siblings,taxamo.com,32.0
no-$ref-siblings,walletobjects.googleapis.com,146.0
no-$ref-siblings,adyen.com,1.6557377049180328
no-$ref-siblings,vatapi.com,6.0
no-$ref-siblings,adobe.com,12.0
no-$ref-siblings,naviplancentral.com,144.0
no-$ref-siblings,ato.gov.au,1.0
no-$ref-siblings,illumidesk.com,5.0
no-$ref-siblings,microsoft.com,3.642857142857143
oas2-valid-schema-example,sheerseo.com,3.0
oas2-valid-schema-example,launchdarkly.com,14.0
oas2-valid-schema-example,stormglass.io,0.5
oas2-valid-schema-example,intel.com,1.0
oas2-valid-schema-example,uebermaps.com,6.0
oas2-valid-schema-example,weatherbit.io,7.0
oas2-valid-schema-example,osisoft.com,27.5
oas2-valid-schema-example,wowza.com,16.5
oas2-valid-schema-example,openfintech.io,14.5
oas2-valid-schema-example,qualpay.com,5.5
oas2-valid-schema-example,mastercard.com,9.266666666666667
oas2-valid-schema-example,meraki.com,7.333333333333333
oas2-valid-schema-example,azure.com/cognitiveservices-LUIS-Programmatic,5.0
oas2-valid-schema-example,azure.com/apimanagement,2.0
oas2-valid-schema-example,azure.com/machinelearningservices-execution,22.0
oas2-valid-schema-example,azure.com/monitor-alertRules_API,5.0
oas2-valid-schema-example,thesmsworks.co.uk,5.0
oas2-valid-schema-example,lyft.com,5.5
oas2-valid-schema-example,clearblade.com,3.5
oas2-valid-schema-example,handwrytten.com,3.0
oas2-valid-schema-example,salesloft.com,28.0
oas2-valid-schema-example,setlist.fm,4.0
oas2-valid-schema-example,ato.gov.au,10.5
oas2-schema,prss.org,0.5
oas2-schema,azure.com/servicebus,1.0
oas2-schema,azure.com/storageimportexport,10.0
oas2-schema,whapi.com,0.14285714285714285
oas2-schema,airport-web.appspot.com,0.5
oas2-schema,parliament.uk,0.16666666666666666
path-params,snyk.io,0.5
path-params,clicksend.com,0.5
path-params,signl4.com,0.5
path-params,circuitsandbox.net,0.5
path-params,trello.com,2.0
path-params,googleapis.com/cloudfunctions,1.0
path-params,googleapis.com/servicenetworking,1.0
path-params,googleapis.com/clouderrorreporting,1.0
path-params,googleapis.com/apigee,3.0
path-params,googleapis.com/proximitybeacon,2.0
path-params,googleapis.com/healthcare,2.0
path-params,googleapis.com/storagetransfer,1.0
path-params,googleapis.com/bigqueryreservation,1.0
path-params,googleapis.com/cloudbuild,1.0
path-params,googleapis.com/vision,1.0
path-params,googleapis.com/streetviewpublish,1.0
path-params,googleapis.com/sourcerepo,1.0
path-params,googleapis.com/servicebroker,2.0
path-params,googleapis.com/containeranalysis,4.0
path-params,googleapis.com/pubsub,8.0
path-params,googleapis.com/spanner,2.0
path-params,googleapis.com/logging,3.0
path-params,googleapis.com/pubsublite,1.0
path-params,agco-ats.com,0.5
path-params,loket.nl,0.5
path-params,rapidapi.com,0.4
path-params,azure.com/datalake-store-account,2.0
path-params,azure.com/datalake-analytics-account,1.0
path-params,azure.com/resources-managedapplications,2.0
path-params,icons8.com,1.0
path-params,superset.apache.local,0.5
path-params,contract-p.fit,0.5
path-params,lgtm.com,1.0
path-params,discourse.local,1.0
path-params,oxforddictionaries.com,0.5
path-params,thenounproject.com,1.5
path-params,magento.com,7.0
path-params,mozilla.com,1.0
path-params,staging-ecotaco.com,0.5
path-params,jellyfin.local,1.5
path-params,hubapi.com,0.08333333333333333
path-params,xero.com,1.625
path-params,bufferapp.com,3.0
path-params,healthcare.gov,16.0
path-params,reverb.com,1.0
oas3-schema,opensuse.org,1.0
oas3-schema,enode.io,2.0
oas3-schema,trashnothing.com,0.5
oas3-schema,googleapis.com/datacatalog,2.0
oas3-schema,gambitcomm.local,7.5
oas2-valid-media-example,meraki.com,31.0
oas2-valid-media-example,azure.com/cognitiveservices,1.0
oas2-valid-media-example,getsandbox.com,0.5
oas2-valid-media-example,appveyor.com,1.0
oas2-valid-media-example,whapi.com,2.142857142857143
invalid-ref,azure.com/network-routeFilter,17.0
invalid-ref,azure.com/network-routeTable,23.0
invalid-ref,azure.com/network-virtualNetwork,96.0
invalid-ref,azure.com/network-publicIpAddress,23.0
invalid-ref,azure.com/network-interfaceEndpoint,10.0
invalid-ref,azure.com/network-networkProfile,9.0
invalid-ref,azure.com/network-virtualNetworkTap,18.0
invalid-ref,azure.com/network-expressRouteCrossConnection,9.0
invalid-ref,azure.com/network-networkSecurityGroup,46.0
invalid-ref,azure.com/network-networkInterface,25.0
invalid-ref,azure.com/network-loadBalancer,41.0
invalid-ref,azure.com/network-serviceEndpointPolicy,9.0
invalid-ref,azure.com/network-privateEndpoint,8.0
invalid-ref,azure.com/network-expressRouteCircuit,16.0
