1,A
2,Abandon
2,abandon
2,abandoning
5,Abort
5,abort
5,aborted
8,About
8,about
10,Above
11,Absence
11,Absent
11,absentee
14,Absolute
14,absolutely
16,Abstain
17,Abuse
17,abusive
19,Accelerator
19,accelerator
19,accelerators
19,Accelerators
23,accept
23,acceptable
23,Accepted
23,accepts
27,Access
27,access
27,Accessed
27,Accesses
27,Accessibility
27,accessibility
27,Accessible
27,accessible
35,Account
35,account
35,Accounts
35,accounts
39,accuracy
39,Accuracy
41,Achievement
41,achievement
41,Achievements
41,achievements
45,Acknowledge
45,acknowledge
45,acknowledged
45,acknowledgement
49,acquire
49,Acquired
51,acquisition
52,Acting
52,Action
52,action
52,Actions
52,actions
57,Activate
57,activate
57,activation
57,Activation
57,Active
57,active
57,Activities
57,activities
57,Activity
57,activity
57,Activitys
68,Actor
68,actor
68,actors
71,actual
72,Ad
72,ad
74,Adaptation
74,adaptation
74,Adapter
77,Add
77,add
77,Added
77,added
81,Additional
81,additional
81,additions
81,Additions
85,Address
85,address
87,Addressable
87,Addresses
87,addresses
90,Adjacency
90,adjacency
92,adjust
92,Adjustment
92,adjustment
92,adjustments
96,Administration
96,administration
96,Administrative
96,administrative
100,Administrator
100,administrator
102,Admission
102,admission
72,Ads
72,ads
106,adult
107,Advance
107,Advanced
107,advanced
110,advertise
110,Advertised
110,advertised
110,Advertiser
110,advertiser
110,Advertisers
110,advertisers
117,Advice
117,advice
117,advices
120,affected
120,Affected
122,Affine
123,Affinities
123,Affinity
123,affinity
126,Affix
127,after
127,After
129,Age
129,age
131,agency
131,Agency
131,Agent
131,agent
135,Aggregate
135,aggregate
135,Aggregated
135,aggregated
135,Aggregation
135,aggregation
135,aggregations
135,Aggregations
135,aggregator
144,airflow
145,Album
146,alcohol
146,Alcohol
148,Alert
148,alert
150,Alerts
150,alerts
152,Algorithm
152,algorithm
154,Alias
154,alias
154,Aliases
154,aliases
158,alignment
158,Alignment
160,Alive
161,All
161,all
163,Allocate
163,allocate
163,Allocated
163,Allocation
163,allocation
163,allocations
169,allow
170,Allowed
170,allowed
170,allows
173,Alpha
173,alpha
175,Alphabet
176,Already
177,also
178,Alt
178,alt
180,alternate
180,Alternate
180,Alternative
180,alternative
180,alternatives
180,Alternatives
186,altitude
187,Always
187,always
189,amended
190,Amount
190,amount
192,Amp
192,amp
194,Analysis
194,analysis
196,Analyst
196,Analyze
196,analyze
199,Ancestor
199,ancestor
199,ancestors
199,Ancestry
203,anchor
204,Android
204,android
206,anger
207,angle
207,Angle
209,Annotate
209,annotate
209,Annotated
209,Annotation
209,annotation
209,Annotations
209,annotations
216,Announcement
216,announcement
216,Announcements
216,announcements
220,Anonymity
220,Anonymous
220,anonymous
223,Another
224,Answer
224,answer
226,Any
226,any
228,apis
229,Appearance
229,Appearances
231,Append
231,append
233,Appliance
233,Applicability
233,applicable
233,Applicable
233,Application
233,application
233,Applications
233,applications
233,applied
233,Applied
233,applies
244,Apply
244,apply
246,Approval
246,approval
246,Approve
246,approve
246,approved
246,Approved
246,approver
253,Approximate
253,approximate
255,arc
256,architecture
256,Architecture
258,archive
258,Archive
260,archived
260,Archived
260,Archiving
263,Area
264,Argument
264,argument
264,Arguments
264,arguments
268,Armor
268,Armored
270,arp
271,Array
271,array
271,Arrow
274,Art
275,Article
275,article
277,Artifact
277,artifact
277,Artifacts
277,artifacts
281,artwork
282,As
283,ascii
284,Aspect
284,aspect
284,aspects
287,Assertion
288,Asset
288,asset
288,Assets
288,assets
292,Assign
292,assignable
292,Assigned
292,assigned
292,assignee
292,Assignees
292,Assignment
292,assignment
292,Assignments
292,assignments
302,Assist
303,associated
303,Association
303,association
303,Associations
303,associations
308,Asymmetric
308,asymmetric
310,At
310,at
312,Attach
312,attach
312,Attached
312,attached
312,Attachment
312,attachment
312,Attachments
312,attachments
320,Attack
320,attack
322,Attempt
322,attempt
322,Attempts
325,Attendee
325,attendees
325,Attendees
328,Attestation
328,attestation
328,Attestations
331,Attestor
331,attestor
331,Attestors
331,attestors
335,Attribute
335,attribute
335,Attributes
335,attributes
335,Attribution
335,attribution
341,au
341,Au
341,Auc
344,Auction
344,auction
346,audible
346,Audience
346,audience
346,Audiences
346,audiences
351,Audio
351,audio
351,Audit
351,audit
351,audits
351,Audits
357,Augmented
357,Authenticated
359,Authentication
359,authentication
359,Authenticator
359,authenticator
363,Author
363,author
363,authoring
363,Authority
363,authority
363,Authorization
363,authorization
363,Authorize
363,authorize
363,Authorized
363,authorized
374,Auto
374,auto
374,Automatic
374,automatic
378,Auxiliary
378,auxiliary
380,availabilities
380,Availability
380,availability
380,Available
380,available
385,avatar
386,average
386,Average
386,averages
389,avoid
390,Aware
391,Axis
391,axis
393,Azure
393,azure
395,Back
395,Background
395,background
398,Backlog
399,Backup
399,backup
399,Backups
399,backups
403,Bad
403,bad
405,Balance
405,Balancer
405,Balancing
405,balancing
409,ballot
409,Ballot
411,Ban
411,ban
413,Band
413,Banded
413,banded
413,Banding
413,bandwidth
418,Banned
418,banned
420,Banner
420,banner
420,Banners
420,Bans
424,bar
424,Bar
426,Base
426,base
426,Based
429,Baseline
429,baseline
431,Basic
431,basic
431,Basis
434,Batch
434,batch
436,battery
436,Battery
438,Be
439,Beacon
439,beacon
439,Beacons
439,beacons
443,Beam
444,bearer
445,beaten
446,before
446,Before
448,Begin
448,begin
450,Behalf
451,Behavior
452,Below
453,benchmark
454,Benefit
454,benefits
454,Benefits
457,best
458,Beta
458,beta
458,better
461,Between
462,Bi
462,bid
462,Bid
462,bidder
462,Big
462,big
468,billed
468,Billed
468,Billing
468,billing
472,Bin
472,bin
474,Binary
474,binary
476,Bind
476,bind
478,bindable
478,Binding
478,binding
478,Bindings
478,bindings
483,biographies
483,Biography
485,Birth
485,Birthday
485,birthdays
488,Bit
488,bit
488,Bitmap
488,Bits
492,blacklist
492,Blacklist
492,blank
495,Bleu
495,bleu
497,Blob
497,blob
497,Blobs
497,blobs
501,Block
501,block
501,Blocked
501,blocked
501,Blocking
501,blocking
501,blocks
501,Blocks
509,Blog
509,blog
509,blogger
509,blogs
513,blue
513,blur
513,blurred
516,Bodies
516,Body
516,body
516,boilerplate
516,bold
521,Book
521,book
521,bookmark
521,Books
521,books
521,Bookshelf
521,Bookshelves
521,bookshelves
529,Boolean
529,boolean
531,boost
532,boot
532,Boot
534,bootstrap
535,Border
535,border
535,Borders
535,borders
539,borrow
540,bot
541,Bottom
541,bottom
541,bound
541,Bound
541,Bounding
541,bounding
541,bounds
541,Bounds
549,Box
549,Boxes
551,Bps
552,Bragging
552,bragging
554,branch
554,Brand
556,brand
556,Branded
556,Branding
556,branding
556,Brands
556,brands
562,Break
562,breakdown
562,Breakdowns
562,Breakers
566,Brief
566,brief
568,brightness
569,Broadcast
569,broadcast
569,Broadcasts
572,broadened
572,Broadened
572,Broadening
575,Broken
575,Broker
575,Brokers
575,brokers
579,Browse
579,Browser
579,browser
579,Browsers
579,browsers
584,Bubble
584,bubble
586,Bucket
586,bucket
586,Bucketing
586,bucketing
586,Buckets
586,buckets
592,Budget
592,budget
594,Buffer
594,Build
594,build
594,Builder
594,builder
594,Builds
594,builds
594,Built
594,built
603,Bulk
603,bulk
605,Bullet
605,bullet
605,Bulletin
605,bulletin
609,Bullets
609,Bundle
609,bundle
609,Bundles
609,bundles
614,burst
614,Burst
616,Business
616,business
618,Busting
619,Busy
619,busy
621,Button
621,button
621,buttons
624,Buyer
624,buyer
624,Buyers
627,By
628,bypass
629,Byte
629,byte
629,Bytes
629,bytes
633,C
633,Ca
633,ca
636,Cache
636,cache
636,cached
636,Caches
640,calculated
640,Calculation
642,Calendar
642,calendar
642,calendars
645,Call
645,call
645,callback
645,caller
645,Calls
650,camera
650,Camera
652,Campaign
652,campaign
652,Campaigns
652,campaigns
656,Can
656,can
656,canary
659,Cancel
659,cancel
659,Canceled
659,Cancellation
659,cancellations
659,cancelled
665,Candidate
665,candidate
665,candidates
665,Candidates
669,Candlestick
669,candlestick
671,canonical
672,Cap
672,cap
674,Capabilities
674,capabilities
676,Capacity
676,capacity
678,Caps
678,Caption
678,caption
678,Captions
678,captions
683,Capture
683,capture
685,Card
685,card
687,Cardinality
687,cardinality
689,cards
689,Cards
691,career
691,Carrier
691,carrier
691,Carriers
691,carriers
696,Cas
696,Case
696,case
696,Cases
700,Catalog
700,catalog
700,Catalogs
700,catalogs
704,Categorical
704,categorical
704,Categories
704,categories
704,Category
704,category
710,Cause
710,cause
710,causes
713,cc
713,ccc
715,celebrities
715,Celebrity
715,celebrity
718,Cell
718,cell
718,Cells
718,cells
722,Center
723,centroid
724,Cert
724,cert
726,Certificate
726,certificate
726,Certificates
726,certificates
730,Certs
730,certs
732,Challenge
732,challenge
734,Change
734,change
734,Changed
734,changed
734,Changes
734,changes
740,Channel
740,channel
740,Channels
740,channels
744,Character
744,character
744,characters
744,Characters
748,Charge
748,Charges
748,charges
748,charging
752,Chars
752,Chart
752,chart
752,charts
756,Chat
756,chat
756,Chats
759,Check
759,check
759,Checked
759,Checker
759,Checkers
759,Checks
765,Checksum
765,checksum
765,Checksums
765,checksums
769,Child
769,child
769,children
769,Children
773,Choice
773,choice
773,Choices
773,choices
777,Choose
777,choose
777,Chrome
780,chunk
780,Chunk
780,chunked
783,Cid
783,cid
785,cipher
785,Cipher
787,Circuit
787,circuit
787,Circuits
790,Cities
790,cities
790,City
790,city
794,Claim
794,claim
794,claimant
794,Claimed
794,claims
794,Claims
800,Class
800,class
800,Classes
800,Classification
800,classification
800,Classify
800,classify
807,classroom
808,Clause
808,Clauses
810,clean
810,Clear
810,clear
810,cleared
814,Click
814,click
814,clicks
814,Clicks
818,Client
818,client
818,Clients
821,Clock
821,Clone
821,clone
824,Close
824,close
824,Closed
824,closed
828,Cloud
828,cloud
830,Cluster
830,cluster
830,clustered
830,Clustering
830,clustering
830,Clusters
830,clusters
837,Code
837,code
837,Codes
840,Coefficient
840,Coefficients
842,Cohort
842,cohort
842,cohorts
845,Collaborative
846,collapse
846,collapsed
848,collation
849,Collection
849,collection
849,Collector
849,collector
849,collectors
854,collided
854,collocation
856,Color
856,color
856,Colors
856,colors
860,Column
860,column
860,Columns
860,columns
864,Combine
864,combined
864,combining
864,Combining
868,Comics
869,Command
869,command
869,Commands
869,commands
873,Comment
873,comment
873,comments
873,Comments
877,Commerce
877,commercial
879,Commission
879,commission
881,Commit
881,commit
883,Commitment
883,commitment
883,Commitments
883,commitments
887,Common
887,common
889,Communication
890,community
890,Commute
890,commute
893,Companies
893,companies
895,Companion
895,companion
895,companions
898,Company
898,company
900,compare
901,comparison
901,Comparison
903,compatibilities
903,compatibility
903,Compatibility
903,Compatible
903,compatible
908,Compensation
908,compensation
910,compiler
911,Complete
911,complete
911,completed
911,Completed
911,Completion
911,completion
911,Completions
918,Complexity
919,Compliance
919,compliance
919,Compliant
922,Component
922,component
922,Components
925,Compose
925,compose
925,composer
928,Composite
928,composite
930,compressed
930,Compression
930,compression
930,Compressions
934,Compromised
934,compromised
936,Computation
936,computation
936,computations
936,Compute
936,compute
936,computed
942,Con
943,Concurrency
943,concurrency
943,Concurrent
943,concurrent
947,Condition
947,condition
949,Conditional
949,conditional
949,conditionally
949,Conditions
949,conditions
954,Conference
954,conference
954,Confidence
954,confidence
958,Confidential
958,confidential
958,confidentiality
961,Configuration
961,configuration
961,Configurations
961,configurations
965,Configured
967,confirm
967,Confirmation
968,conflict
969,conform
969,Conformance
971,Confusion
971,confusion
973,congressional
974,Connect
974,connect
974,connected
974,Connection
974,connection
974,Connections
974,connections
974,Connector
974,connector
983,consecutive
983,Consecutive
985,Consistency
985,consistency
985,Consistent
985,consistent
989,Consolidation
989,consolidation
991,Constraint
991,constraint
991,Constraints
991,constraints
995,consume
995,consumed
995,Consumed
995,Consumer
995,consumer
995,consumers
995,Consumption
995,consumption
,Contact
,contact
,Contacts
,contacts
,Container
,container
,Containers
,containers
,contains
,Content
,content
,Contents
,contents
,Contest
,contest
,contests
,Context
,context
,Contexts
,contextual
,continent
,continue
,continuous
,Contracted
,contrast
,Control
,control
,Controller
,controller
,Controls
,controls
,convergence
,Conversion
,conversion
,Conversions
,conversions
,convert
,Convert
,Cookie
,cookie
,cool
,Coordinate
,coordinate
,Coordinates
,Copied
,Copy
,copy
,copyright
,Core
,cores
,Cores
,corner
,corners
,Corp
,corpora
,Corpus
,corpus
,corrected
,Correction
,corrections
,Correlated
,correlated
,Correlation
,correlation
,Correlations
,correspondence
,Cost
,cost
,Costs
,Council
,Count
,count
,Counter
,counter
,Counters
,counters
,counting
,Countries
,countries
,Country
,country
,Counts
,counts
,county
,Course
,course
,Courses
,courses
,Cover
,cover
,Coverage
,Cpa
,Cpu
,cpu
,cpus
,Cpus
,cr
,crash
,Crash
,crashed
,Crawl
,Crawled
,crawled
,Create
,create
,Created
,created
,creating
,Creation
,creation
,Creative
,creative
,creator
,Creator
,Credential
,credential
,Credentials
,credentials
,Creds
,Criteria
,criteria
,criterion
,Crop
,crop
,Cross
,cross
,Crowding
,crowding
,cse
,Css
,ct
,cumulative
,Cumulative
,currency
,Currency
,current
,Current
,Cursor
,cursor
,Custom
,custom
,Customer
,customer
,Customers
,customers
,Cut
,cut
,Cutoff
,cutoff
,Cutoffs
,cvss
,cx
,Cycle
,Cycles
,D
,d
,dag
,Daily
,daily
,Dart
,dart
,dash
,Dashboard
,dashboard
,Dashboards
,dashboards
,Data
,data
,Database
,database
,Databases
,databases
,Datas
,Date
,date
,Dates
,davies
,Day
,day
,Days
,days
,Db
,dbs
,deactivate
,Dead
,dead
,Deadline
,deadline
,Deal
,deal
,Deals
,deals
,Debug
,debug
,debugger
,debugging
,Debugging
,Decile
,Decimal
,Decision
,Declared
,decline
,Decode
,Decommission
,decommission
,Decrypt
,decrypt
,Deep
,deep
,Default
,default
,Defaults
,Defer
,defer
,Deferments
,Deferral
,deferral
,deferred
,Defined
,Definition
,definition
,Definitions
,definitions
,degree
,Delay
,delay
,Delayed
,Delegate
,delegate
,Delegated
,delegated
,Delegates
,delegates
,Delegation
,delegation
,Delete
,delete
,Deleted
,deleted
,deleting
,Deletion
,deletion
,deletions
,Deletions
,deliver
,Delivered
,Delivery
,delivery
,Delta
,delta
,Deltas
,demand
,Demote
,demote
,Denied
,denied
,denominator
,density
,Density
,Deny
,department
,departure
,dependencies
,Dependency
,dependency
,dependent
,Dependent
,Deploy
,deploy
,deployed
,Deployment
,deployment
,Deployments
,deployments
,deprecate
,Deprecated
,deprecated
,Deprecation
,deprecation
,depth
,Depth
,derivation
,Derived
,derived
,Descendants
,descendants
,Description
,description
,descriptions
,Descriptions
,Descriptor
,descriptor
,Descriptors
,desired
,Desktop
,desktop
,dest
,Destination
,destination
,Destinations
,destinations
,Destroy
,destroy
,Detach
,detach
,Detail
,detail
,detailed
,Details
,details
,Detect
,detect
,Detected
,detected
,Detection
,detection
,Detections
,detections
,Detector
,detector
,Deterministic
,Developer
,developer
,development
,Deviation
,Device
,device
,Devices
,devices
,Diagnose
,diagnose
,Diagnostic
,diagnostic
,Diagnostics
,diagnostics
,Dictionary
,dictionary
,Digest
,digest
,Digests
,digests
,Digits
,Dimension
,dimension
,Dimensional
,Dimensions
,dimensions
,Direct
,direct
,Directed
,Direction
,direction
,Directive
,directive
,Directives
,directories
,Directories
,Directory
,directory
,Disable
,disable
,Disabled
,disabled
,disabling
,disapproval
,disapproved
,Disbursement
,disbursement
,Disbursements
,disbursements
,discard
,Disclaimer
,disclosure
,discount
,Discounted
,Discover
,Discovered
,discovered
,Discovery
,discovery
,Discriminator
,Discussion
,Disk
,disk
,Disks
,disks
,dislike
,Dismiss
,dismiss
,Dismissible
,Dispatch
,dispatch
,Dispatched
,Dispatches
,Display
,display
,Displayed
,displayed
,displays
,Disposition
,disposition
,Disputed
,disregard
,Disruptive
,distance
,Distance
,distinct
,Distinct
,Distribution
,distribution
,distributions
,distributor
,District
,district
,diversification
,Diversity
,Dividers
,Division
,division
,divisions
,Do
,do
,doc
,Docker
,docker
,Docs
,docs
,Document
,document
,Documentation
,documentation
,Documents
,documents
,does
,Domain
,domain
,Domains
,domains
,Dominant
,dominant
,done
,Done
,Double
,double
,Doublings
,Down
,down
,Download
,download
,Downloaded
,downloads
,Draft
,draft
,Drafts
,drafts
,Drain
,drain
,Draining
,draining
,Draw
,Drawing
,Drawn
,Drive
,drive
,driver
,Driver
,Drives
,drives
,Drop
,drop
,dropout
,Dropped
,dropped
,dry
,Dry
,Drydock
,ds
,due
,dump
,Duplex
,Duplicate
,duplicate
,Duplicates
,duplicates
,Duplication
,Duration
,duration
,Durations
,Dynamic
,dynamic
,e
,E
,Early
,early
,Earned
,Easy
,echo
,Echo
,Edge
,edge
,edges
,Edit
,edit
,Edited
,editor
,Editors
,editors
,edits
,education
,effect
,Effect
,Effective
,effective
,effects
,Efficiency
,Egress
,Ejection
,elapsed
,Elapsed
,Elected
,Election
,election
,Elections
,elections
,Electoral
,electorate
,Element
,element
,Elements
,elements
,Eligibility
,eligibility
,eligible
,Email
,email
,Emails
,emails
,embed
,Embed
,Embedded
,embedded
,employment
,Empty
,empty
,emulated
,Enable
,enable
,Enabled
,enabled
,enabling
,encoded
,Encoded
,Encoding
,encoding
,Encrypt
,encrypt
,encrypted
,Encrypted
,Encryption
,encryption
,End
,end
,Ended
,Endpoint
,endpoint
,Endpoints
,endpoints
,energy
,Energy
,enforce
,enforced
,Enforcement
,enforcement
,enforcing
,Engine
,engine
,enhanced
,Enhanced
,enroll
,Enrolled
,enrolled
,Enrollment
,enrollment
,ensure
,Enter
,Entered
,Enterprise
,enterprise
,Enterprises
,enterprises
,Entire
,Entities
,entities
,Entitlement
,entitlement
,Entitlements
,entitlements
,Entity
,entity
,Entries
,entries
,Entry
,entry
,Environment
,environment
,Environments
,environments
,Ephemeral
,ephemeral
,epoch
,equal
,Equation
,equation
,Equivalence
,equivalence
,erase
,Error
,error
,Errors
,errors
,Es
,Escape
,Established
,Estimate
,estimated
,Estimated
,Estimation
,Evaluated
,evaluated
,Evaluation
,evaluation
,Evaluations
,even
,Even
,Evens
,Event
,event
,Events
,events
,exact
,Exact
,Example
,example
,Examples
,examples
,exceed
,Exceeded
,Exception
,exception
,exchange
,Exchange
,Exchanged
,Exclude
,exclude
,excluded
,excludes
,Exclusion
,exclusion
,Exclusions
,exclusions
,exclusive
,Exec
,exec
,Executable
,executable
,Execute
,execute
,Executed
,Execution
,execution
,Executions
,executions
,Executor
,Exemplar
,exemplars
,exempted
,Exemptions
,Existence
,Existing
,exists
,Exists
,Exit
,exit
,Expand
,expand
,expanded
,Expansion
,expansion
,expectation
,expected
,Expected
,Experience
,experience
,Experiment
,experiment
,Experiments
,experiments
,Expiration
,expiration
,Expire
,expire
,Expired
,expires
,Expires
,expiring
,Expiry
,expiry
,Explain
,Explained
,explained
,Explanation
,explanation
,Explanations
,Explicit
,explicit
,explicitly
,Exponent
,Exponential
,exponential
,Export
,export
,exported
,Exports
,exports
,expose
,Exposed
,exposure
,Expression
,expression
,Expressions
,expressions
,Expunge
,expunge
,Extended
,extended
,Extension
,Extensions
,extensions
,External
,external
,Externally
,externally
,Extra
,extra
,Extract
,extract
,extracted
,Extraction
,Extractor
,Extractors
,Extras
,f
,Face
,face
,Facet
,facet
,Facets
,facets
,facility
,Facility
,Facing
,Fact
,Factor
,Factors
,factory
,Fail
,fail
,Failed
,failed
,Failure
,failure
,Failures
,failures
,Fallback
,fallback
,Families
,Family
,family
,Fan
,fan
,Fast
,Fault
,fault
,Favorite
,favorite
,fax
,Feature
,feature
,featured
,Features
,features
,federated
,Federated
,Fee
,Feed
,feed
,Feedback
,feedback
,Feeds
,feeds
,fees
,Fetch
,fetch
,few
,Field
,field
,Fields
,fields
,File
,file
,Filename
,filename
,Files
,files
,Fill
,fill
,Filter
,filter
,filtered
,Filtering
,filtering
,Filters
,filters
,final
,Final
,Finalize
,finalize
,Find
,find
,Finder
,Finding
,finding
,Findings
,findings
,finger
,Fingerprint
,fingerprint
,Fingerprints
,Finish
,finish
,finished
,Finite
,Firebase
,firebase
,Firewall
,firewall
,Firewalls
,firewalls
,firing
,Firing
,firm
,First
,first
,fitness
,Fitting
,Fixed
,fixed
,fixing
,Flag
,flagged
,Flags
,flags
,flaky
,Flash
,flash
,flat
,Flatten
,flatten
,flavor
,Flex
,flex
,Flexibility
,flexible
,Flight
,flight
,flighted
,flights
,float
,Floating
,floating
,Floodlight
,floodlight
,Flow
,flow
,Flush
,Folder
,folder
,Folders
,folders
,Follow
,follow
,Font
,font
,Footer
,footer
,footers
,Footnote
,footnote
,footnotes
,force
,Forced
,forced
,Forecast
,forecasting
,foreground
,Foreground
,Foreign
,Forever
,Fork
,Form
,form
,Format
,format
,Formats
,formats
,Formatted
,formatted
,formatting
,formula
,formulas
,Formulas
,Forward
,forward
,forwarded
,Forwarding
,forwarding
,Found
,found
,Four
,Fps
,Fraction
,fraction
,Fragment
,Frame
,frame
,Frames
,frames
,Framework
,Free
,free
,Freeze
,freeze
,Frequency
,frequency
,Freshness
,freshness
,friend
,Friendliness
,Friendly
,friendly
,friends
,frozen
,Fs
,fs
,Full
,full
,fully
,fun
,Function
,function
,Functions
,functions
,Funding
,fuzzed
,G
,Ga
,ga
,gadget
,Gain
,Game
,Games
,games
,Gateway
,gateway
,Gateways
,Gating
,Gauge
,gauge
,Gb
,gb
,Gc
,gc
,Gcs
,gcs
,Gender
,gender
,genders
,Generate
,generate
,Generated
,generated
,Generation
,generation
,Generic
,generic
,genomics
,Geographic
,geographic
,Get
,get
,gettable
,Ghz
,Git
,git
,given
,Given
,glob
,Global
,global
,Glossaries
,glossaries
,Glossary
,glossary
,glyph
,Goal
,goal
,Goals
,goals
,Golden
,Good
,good
,Goods
,Google
,google
,Grace
,grace
,graceful
,Grade
,grade
,Gradient
,gradient
,Grant
,grant
,granted
,grantee
,Grants
,Granular
,granular
,granularity
,Granularity
,Graph
,graph
,Graphics
,graphics
,greater
,green
,Grid
,grid
,Gross
,Group
,group
,Grouped
,Grouping
,grouping
,Groups
,groups
,growth
,Guarantee
,Guaranteed
,guaranteed
,Guardian
,guardian
,Guardians
,guardians
,Guess
,Guest
,guest
,Guests
,guests
,Guide
,guide
,Guidelines
,H
,h
,Half
,Handle
,Handler
,Handlers
,handlers
,Handling
,handling
,hangout
,Hangouts
,hangouts
,hard
,Hardware
,hardware
,Harness
,harness
,has
,Hash
,hash
,hashed
,Hashes
,Hatch
,Have
,Head
,head
,Header
,header
,Headers
,headers
,Heading
,heading
,Headings
,headline
,Headlines
,headquarters
,Healing
,Health
,health
,Healthcare
,healthcare
,healths
,healthy
,Healthy
,Heartbeat
,Height
,height
,Held
,help
,Help
,Hertz
,Hidden
,hidden
,hide
,Hide
,High
,high
,highest
,highlight
,Hint
,hint
,hinted
,Hints
,hints
,hiring
,Histogram
,histogram
,Historical
,Histories
,histories
,History
,history
,Hit
,Hits
,Hive
,hive
,hl
,Hold
,hold
,Holds
,holds
,Hole
,Holiday
,holiday
,Holidays
,holidays
,home
,homepage
,honorific
,Honorific
,Hop
,Horizontal
,horizontal
,horizontally
,Host
,host
,Hosted
,hosted
,hosting
,Hosts
,hosts
,Hot
,hot
,Hour
,hour
,Hourly
,hourly
,hours
,Hours
,House
,hq
,Hq
,Html
,html
,Http
,http
,Https
,https
,Hub
,human
,Hybrid
,hybrid
,hyperlink
,I
,i
,Icon
,icon
,icons
,Id
,id
,Identifier
,identifier
,Identifiers
,identifiers
,identifying
,Identities
,Identity
,identity
,Idle
,idle
,Idp
,idp
,Ids
,ids
,Igm
,Ignore
,ignore
,ignored
,ike
,Image
,image
,Images
,images
,Immediately
,immutable
,Impact
,impact
,impersonated
,Impersonation
,impersonation
,Import
,import
,Importance
,importance
,imported
,imports
,Imprecise
,impression
,Impression
,Impressions
,impressions
,In
,in
,Inactive
,Inbound
,inbound
,incentives
,Include
,include
,included
,inclusion
,inclusions
,incompatible
,incomplete
,Incomplete
,Inconclusive
,inconclusive
,Increment
,increment
,indent
,Independent
,Index
,index
,Indexed
,indexed
,Indexes
,indexes
,indexing
,Indicator
,Indices
,indices
,Individual
,individual
,Indoor
,indoor
,industry
,inferred
,infinite
,Infinite
,Info
,info
,Information
,Infos
,infrastructure
,Ingest
,ingest
,Ingestion
,ingestion
,Ingress
,ingress
,inherit
,Inheritance
,Inherited
,Initial
,initial
,Initialization
,initialization
,Initialize
,initialize
,Initiated
,initiation
,Injection
,inner
,Input
,input
,Inputs
,inputs
,ins
,Ins
,Insert
,insert
,inserted
,Inserted
,insertion
,Insertion
,Insight
,insight
,Insights
,insights
,Inspect
,inspect
,Inspection
,Install
,install
,Installation
,installation
,Installed
,installed
,Installment
,installment
,Installs
,installs
,Instance
,instance
,Instances
,instances
,Instantiate
,instantiate
,Instantiation
,Instruction
,instruction
,instructions
,Instrumentation
,Integer
,integer
,Integration
,Integrity
,integrity
,intended
,Intent
,intent
,intention
,Intents
,Interaction
,interaction
,interactions
,intercept
,Interconnect
,interconnect
,Interconnects
,interconnects
,Interest
,interests
,Interests
,Interface
,interface
,interfaces
,Interfaces
,Internal
,internal
,interpolate
,Interpolation
,Interpretation
,interpretation
,interpreted
,interpreter
,Intersection
,intersection
,interstitial
,Interstitial
,Interval
,interval
,Intervals
,Introductory
,introductory
,invalid
,Invalid
,invalidate
,Invalidation
,Inventory
,inventory
,invert
,Investigation
,Invitation
,invitation
,Invitations
,invitations
,Invite
,invited
,Invocation
,Invocations
,Invoice
,invoice
,Invoices
,Ios
,ios
,iou
,Ip
,ip
,Ips
,ips
,Is
,is
,Issue
,issue
,issued
,issuer
,Issues
,issues
,italic
,Item
,item
,Items
,items
,Iteration
,iteration
,Iterations
,Iterative
,iterative
,J
,Jagged
,jar
,Jar
,java
,Job
,job
,Jobs
,jobs
,Join
,join
,joy
,judicial
,jurisdiction
,just
,K
,k
,Kappa
,Kbs
,keep
,Kernel
,kernel
,Key
,key
,Keyed
,keyed
,Keys
,keys
,kg
,Kibibyte
,kid
,Kids
,Killed
,Kind
,kind
,kinds
,Kiosk
,kiosk
,Kit
,Kms
,kms
,Knowledge
,Known
,known
,L
,l
,lab
,Label
,label
,Labels
,labels
,Landing
,landing
,Landmark
,landmark
,Landmarks
,landmarks
,Landscape
,Language
,language
,Languages
,languages
,Large
,large
,largest
,Last
,last
,Lat
,lat
,Late
,late
,Latency
,latency
,Latest
,latest
,latitude
,Launch
,launch
,Launcher
,launcher
,Layer
,layer
,layers
,Layout
,layout
,layouts
,Lb
,Leader
,Leading
,Leak
,Learn
,learn
,Learned
,Lease
,lease
,Least
,Leave
,leave
,Left
,left
,Legacy
,legacy
,Legal
,legend
,lemma
,Length
,length
,Lengths
,less
,Letter
,Letters
,Level
,level
,Levels
,levels
,Libraries
,libraries
,Library
,library
,License
,license
,licensed
,Licenses
,licenses
,licensing
,Lien
,Liens
,liens
,life
,lifetime
,Lifetime
,Light
,light
,Lighthouse
,lighthouse
,Like
,like
,Liked
,Likelihood
,likelihood
,Limit
,limit
,Limits
,limits
,Line
,line
,Linear
,linear
,Lines
,Link
,link
,Linked
,linked
,linking
,Links
,links
,Lint
,lint
,List
,list
,Listed
,Listen
,listen
,Listing
,listing
,Listings
,listings
,Lists
,lists
,Literals
,Live
,live
,Liveness
,liveness
,Load
,load
,Loading
,loading
,Local
,local
,Locale
,locale
,locales
,Locales
,Locality
,locality
,Localization
,localizations
,Localized
,localized
,locals
,Location
,location
,Locations
,locations
,Lock
,lock
,lockdown
,Lockdown
,Locked
,locked
,Log
,log
,Logging
,logging
,logic
,logical
,Logical
,Logo
,logo
,Logs
,logs
,Long
,long
,Longest
,longitude
,Look
,Looks
,Lookup
,lookup
,Loop
,Loss
,loss
,Lost
,Low
,low
,Lower
,lower
,lowercase
,Loyalty
,loyalty
,lr
,ls
,M
,mac
,Mac
,Machine
,machine
,Macro
,macro
,Macros
,made
,Made
,magnitude
,Mail
,mail
,main
,Main
,maintainer
,Maintenance
,maintenance
,major
,Make
,Maker
,Malicious
,malicious
,Managed
,managed
,Management
,management
,Manager
,Managers
,Manifest
,manifest
,Manifests
,manifests
,Manual
,manual
,manufacturer
,manufacturers
,many
,Map
,map
,mapped
,Mapping
,Mappings
,Maps
,maps
,margin
,Margins
,Mark
,mark
,marked
,Marker
,market
,Marketing
,marketing
,Marketplace
,marketplace
,Marks
,marks
,Markup
,Markups
,Mask
,mask
,masking
,Mass
,Master
,master
,masters
,Match
,match
,Matched
,matched
,Matcher
,matcher
,Matchers
,Matches
,matches
,Matching
,matching
,Material
,material
,Materialized
,materialized
,materials
,Matrices
,Matrix
,matrix
,Matter
,matter
,Matters
,matters
,mature
,Maturity
,Max
,max
,maximal
,maximized
,Maximum
,maximum
,maximums
,Mb
,Me
,me
,Mean
,mean
,meaning
,Measure
,measurement
,Media
,media
,median
,medical
,Medium
,medium
,meeting
,Mem
,Member
,member
,Members
,members
,Membership
,membership
,Memberships
,memberships
,Memory
,memory
,Mendel
,Mention
,mentioned
,mentions
,Menu
,menu
,Merchant
,merchant
,Merge
,merge
,Merged
,merges
,Mesh
,mesh
,Message
,message
,Messages
,messages
,messaging
,Metadata
,metadata
,Metering
,Meters
,Method
,method
,Methods
,methods
,Metric
,metric
,Metrics
,metrics
,Metro
,metro
,Metros
,metros
,microphone
,Microphone
,Mid
,mid
,middle
,Middle
,Midnight
,midpoint
,migrate
,Miles
,Milliseconds
,Mime
,mime
,Min
,min
,Mine
,mine
,minimal
,Minimum
,minimum
,minimums
,minor
,Minute
,minute
,Minutes
,minutes
,Mirror
,mirror
,Mirrored
,mirrored
,Mirroring
,Mirrorings
,Miss
,missed
,Missing
,missing
,Ml
,ml
,Mobile
,mobile
,Mock
,Mocks
,Mod
,mod
,Mode
,mode
,Model
,model
,Models
,models
,moderate
,Moderate
,Moderation
,moderation
,Moderator
,moderator
,Moderators
,modes
,Modes
,Modification
,modification
,Modifications
,modifications
,Modified
,modified
,Modify
,modify
,Modifying
,Module
,module
,modulus
,Monetization
,monetization
,Money
,money
,Monitor
,monitor
,Monitored
,monitored
,Monitoring
,monitoring
,Month
,month
,Months
,months
,mood
,More
,more
,most
,Mount
,mount
,Mounted
,mounts
,Mounts
,Move
,move
,moving
,Ms
,Msec
,msg
,msh
,mt
,Multiple
,multiple
,multiplier
,municipal
,must
,mutate
,mutated
,Mutation
,mutation
,mutations
,mute
,Mutual
,N
,n
,Name
,name
,Named
,named
,Names
,names
,native
,Native
,natural
,Navigation
,navigation
,Need
,need
,Needed
,negate
,negated
,negation
,Negative
,negative
,Negatives
,negotiated
,negotiation
,neighbor
,Nested
,nested
,Nesting
,nesting
,net
,Network
,network
,Networks
,networks
,never
,New
,new
,newer
,newly
,Next
,next
,nick
,Nickname
,nickname
,nicknames
,nielsen
,No
,no
,noc
,Node
,node
,Nodes
,nodes
,Non
,non
,nonce
,none
,Nonprofit
,nonprofit
,Normalized
,normalized
,Not
,not
,Note
,note
,Notes
,notes
,Notice
,notices
,Notification
,notification
,Notifications
,notifications
,notify
,Now
,Ns
,Null
,null
,Nulls
,Number
,number
,Numbers
,numerator
,Numeric
,numeric
,Numerical
,numerical
,O
,obfuscated
,Object
,object
,Objective
,objective
,Objectives
,Objects
,objects
,Observation
,observation
,observations
,Observed
,observed
,Obsolete
,obsolete
,Occupation
,occupations
,Occurred
,Occurrence
,Occurrences
,occurrences
,Occurs
,odd
,Off
,Offer
,offer
,Offers
,Office
,office
,offices
,Offices
,Official
,official
,Officials
,officials
,Offset
,offset
,Offsets
,Ok
,old
,oldest
,Omitted
,On
,on
,once
,one
,One
,online
,Only
,only
,Opacity
,Opaque
,opaque
,Open
,open
,Opened
,Operating
,operating
,Operation
,operation
,operational
,Operations
,operations
,Operator
,operator
,operators
,opportunity
,Ops
,Opt
,Optical
,Optimization
,optimization
,Optimize
,optimize
,Optimized
,Option
,option
,Optional
,optional
,Options
,options
,Or
,or
,orchestrator
,Orchestrator
,Order
,order
,Ordered
,ordered
,Orders
,orders
,ordinal
,Organic
,Organization
,organization
,Organizations
,organizations
,organizer
,Orientation
,orientation
,orientations
,orienting
,Origin
,origin
,original
,Original
,originator
,Origins
,origins
,Orphan
,Os
,os
,Other
,other
,Out
,out
,Outage
,Outages
,Outcome
,outcome
,Outdated
,outdated
,outgoing
,Outlier
,outlier
,Outline
,outline
,Output
,output
,Outputs
,outputs
,outside
,Outside
,overall
,Overhead
,overhead
,Overlap
,overlap
,Overlay
,overlay
,overridden
,Override
,override
,Overrides
,overrides
,Overview
,overview
,Overviews
,Overwrite
,overwrite
,Own
,Owned
,owned
,Owner
,owner
,owners
,Owners
,ownership
,Ownership
,P
,p
,pac
,Pack
,Package
,package
,packages
,Packages
,packed
,Packet
,packet
,Packets
,Packs
,Padding
,padding
,Page
,page
,Pages
,pages
,Pagination
,Paid
,Pair
,pairing
,Pairs
,Palette
,pan
,Par
,par
,Paragraph
,paragraph
,paragraphs
,Parallel
,parallel
,Parallelism
,Parameter
,parameter
,Parameters
,parameters
,Parent
,parent
,Parents
,parents
,Parse
,Parsed
,parsed
,Parser
,parser
,Parsing
,Part
,part
,Partial
,partial
,Participant
,participant
,participants
,Partition
,partition
,Partitioned
,partitioned
,Partitioning
,Partitions
,partitions
,Partner
,partner
,partners
,Parts
,parts
,Party
,party
,Passage
,passed
,Passed
,Password
,password
,Passwords
,Paste
,paste
,Patch
,patch
,Path
,path
,Paths
,paths
,Patient
,patient
,Pattern
,pattern
,Patterns
,Pause
,pause
,Paused
,paused
,Payload
,payload
,Payloads
,Payment
,payment
,Payments
,payments
,Pd
,Peer
,peer
,Peering
,peering
,peerings
,Peers
,peers
,Pending
,pending
,People
,people
,Percent
,percent
,Percentage
,percentage
,percentages
,Percentile
,percentile
,Performance
,performance
,Performed
,Perimeter
,perimeter
,Perimeters
,Period
,period
,Periods
,Permanent
,Permission
,permission
,Permissions
,permissions
,permitted
,persisted
,Persistence
,persistence
,Persistent
,persistent
,Person
,person
,Personalized
,Perspective
,phase
,Phone
,phone
,phones
,phonetic
,Photo
,photo
,Photos
,photos
,Phrase
,phrase
,Phrases
,phrases
,Physical
,physical
,Pick
,pick
,Pickup
,pickup
,Picture
,picture
,pid
,Pie
,pie
,Pig
,pig
,Pin
,pin
,Ping
,Pings
,pings
,Pinned
,pinned
,Pipeline
,pipeline
,Pipelines
,pipelines
,Piracy
,Pitch
,pitch
,Pivot
,pivot
,pivoted
,pivots
,pixel
,Pixels
,Place
,place
,placed
,Placeholder
,placeholder
,Placement
,placement
,Placements
,placements
,Places
,places
,placing
,Plain
,Plan
,plan
,Plane
,planning
,plans
,Platform
,platform
,Platforms
,platforms
,Play
,play
,Played
,played
,Player
,player
,Players
,players
,Playlist
,playlist
,playlists
,Playlists
,plot
,Plugged
,plural
,Plus
,po
,Pod
,pod
,Pods
,pods
,Point
,point
,Points
,points
,polarity
,Policies
,policies
,Policy
,policy
,polite
,Poll
,poll
,Polling
,polling
,Pool
,pool
,Pools
,pools
,Pop
,Populate
,populate
,Population
,pornography
,Port
,port
,portal
,Portal
,portion
,Portrait
,Ports
,ports
,Pos
,pos
,Pose
,pose
,Position
,position
,positional
,Positioned
,positioned
,Positioning
,positioning
,Positive
,positive
,Positives
,possible
,Post
,post
,Postal
,postal
,Posting
,posting
,posts
,Posts
,Posture
,posture
,Potential
,Power
,power
,Prc
,Precinct
,precinct
,Precise
,Precision
,precision
,Precondition
,Predict
,predict
,predicted
,prediction
,predictive
,Preference
,Preferences
,Preferred
,preferred
,Prefix
,prefix
,Prefixes
,prefixes
,Prefixs
,premise
,Premise
,Premises
,premium
,Prep
,prerequisite
,Presence
,Present
,present
,Presentation
,presentation
,presentations
,presenter
,preserve
,Preserved
,preserved
,Preset
,Presto
,presto
,pretty
,Prevention
,Preview
,preview
,Previous
,previous
,Price
,price
,Prices
,prices
,Pricing
,pricing
,Primary
,primary
,Primitive
,primitive
,Principal
,principal
,Principals
,principals
,Print
,print
,Printer
,priorities
,Priority
,priority
,Privacy
,privacy
,Private
,private
,Privilege
,privileges
,Pro
,Probability
,Probe
,procedure
,Process
,process
,Processed
,processed
,Processes
,processes
,Processing
,processing
,Processor
,Producer
,producer
,produces
,Product
,product
,Production
,Products
,products
,Profanity
,profanity
,Profile
,profile
,Profiles
,profiles
,Progress
,progress
,progressive
,Project
,project
,Projection
,projection
,Projects
,projects
,promote
,Promoted
,promoted
,Promotion
,promotion
,Promotions
,promotions
,prompt
,Proof
,propagation
,proper
,Properties
,properties
,Property
,property
,proportion
,Proposal
,proposal
,proposals
,Props
,Protected
,protected
,Protection
,protection
,Proto
,proto
,Protocol
,protocol
,Protocols
,Provenance
,provenance
,provenances
,Provided
,provided
,Provider
,provider
,Providers
,providers
,provisional
,Provisioned
,provisioned
,Provisioning
,provisioning
,Proxies
,Proximity
,proximity
,Proxy
,proxy
,pseudo
,pt
,Pub
,pub
,Public
,public
,Publish
,publish
,Published
,published
,Publisher
,publisher
,Pull
,pull
,Punctuation
,Purchase
,purchase
,Purchased
,Purchases
,purchases
,Purge
,purge
,purpose
,Push
,push
,put
,Px
,Python
,python
,q
,quadratic
,qualifications
,qualifier
,Quality
,quality
,Quantity
,quantity
,Quasi
,quasi
,Quaternion
,Queries
,queries
,Query
,query
,Question
,Queue
,queue
,queued
,Queues
,queues
,quick
,Quota
,quota
,Quotas
,quotas
,Quote
,quote
,Quoted
,quoted
,quoting
,R
,r
,racy
,Radius
,radius
,radix
,Ram
,ram
,Randomize
,randomize
,Range
,range
,Ranges
,ranges
,Rank
,rank
,Ranking
,ranking
,Rate
,rate
,Rates
,Rating
,rating
,Ratio
,ratio
,Ratios
,Raw
,raw
,Reach
,reach
,Reached
,Read
,read
,Readable
,Reader
,reader
,Readers
,readers
,Readiness
,readiness
,Reading
,Ready
,ready
,Realm
,realm
,Reason
,reason
,Reasons
,Recall
,recall
,Receipt
,Receive
,receive
,Received
,received
,receiver
,Receiving
,receiving
,recent
,Recent
,recently
,Recipient
,recipient
,Recipients
,recipients
,reciprocity
,Reclaim
,reclaim
,Recognition
,recognition
,Recognize
,recognize
,Recognized
,Recommendation
,recommendation
,Recommendations
,recommendations
,Recommended
,recommended
,Record
,record
,Recording
,recording
,Records
,records
,Recovery
,recovery
,Recreate
,recreate
,recreating
,recurrence
,Recurring
,recurring
,recursive
,Recycled
,red
,Redact
,redact
,redacted
,Redaction
,redaction
,Redemption
,redemption
,Redirect
,redirect
,redirects
,Redistribution
,Reducer
,redundancy
,Ref
,ref
,Reference
,reference
,referenced
,References
,references
,referencing
,referendum
,Referential
,refers
,Refresh
,refresh
,Refreshed
,refreshing
,Refs
,Refund
,refund
,refunds
,Region
,region
,Regional
,regional
,Regions
,regions
,Register
,register
,registered
,Registration
,registration
,registrations
,Registries
,registries
,Registry
,registry
,Regression
,regression
,Regressive
,Regular
,regular
,Regularization
,Reject
,reject
,Rejected
,rejection
,Related
,related
,Relation
,relation
,relations
,Relationship
,relationship
,Relative
,relative
,Release
,release
,Released
,Releases
,releases
,Relevance
,relevance
,relevant
,reliable
,Remainder
,Remaining
,remaining
,Rematch
,rematch
,remediation
,Reminder
,Reminders
,reminders
,Remitted
,remitted
,Remote
,remote
,removals
,Removals
,Remove
,remove
,Removed
,removed
,Rename
,rename
,Render
,render
,rendered
,Rendered
,rendering
,Renegotiating
,Renew
,renew
,Renewal
,renewal
,Renewing
,Reopen
,reopen
,Repair
,repair
,Repeat
,repeat
,Repeatable
,Repeated
,repeated
,Replace
,replace
,replaced
,replacement
,Replica
,replica
,Replicas
,replicas
,Replication
,replication
,Replies
,replies
,Reply
,reply
,Report
,report
,Reported
,reported
,Reporting
,reporting
,Reports
,reports
,Repository
,repository
,Representation
,Representative
,representative
,representatives
,reproduction
,Request
,request
,Requested
,requested
,requester
,Requesting
,requesting
,Requests
,requests
,require
,Required
,required
,Requirement
,Requirements
,requirements
,Requires
,requires
,requisition
,Requisition
,Reschedule
,reschedule
,Reservation
,reservation
,Reservations
,reservations
,Reserve
,reserve
,Reserved
,reserved
,Reset
,reset
,Residence
,residences
,residual
,Resize
,resize
,Resolution
,resolution
,resolved
,Resource
,resource
,Resources
,resources
,Response
,response
,Responses
,responses
,responsibilities
,Rest
,Restart
,restart
,restarting
,Restore
,restore
,Restored
,restored
,Restrict
,restrict
,restricted
,Restricted
,Restriction
,restriction
,Restrictions
,restrictions
,Restricts
,Result
,result
,Results
,results
,Resume
,resume
,Retail
,retain
,Retention
,retention
,Retire
,Retracted
,retracted
,Retries
,retrievable
,Retrieval
,retrieval
,retrieve
,Retry
,retry
,Return
,return
,Returnable
,Returned
,returns
,Reusable
,Reveal
,reveal
,Revealed
,revealed
,Revenue
,revenue
,Reverse
,reverse
,reversed
,revert
,reverting
,Review
,review
,Reviewed
,reviewed
,reviewer
,Reviews
,reviews
,Revision
,revision
,Revisions
,revisions
,Revocation
,revoke
,Rewrite
,rewrite
,rewrites
,Rewritten
,Rice
,rice
,Rich
,rich
,Right
,right
,Rights
,rights
,Ring
,Rings
,Risk
,risk
,road
,Roaming
,Roc
,roc
,Role
,role
,Roles
,roles
,roll
,Rollback
,rollback
,rolling
,Room
,room
,Rooms
,rooms
,Root
,root
,Roster
,Rotate
,rotate
,rotated
,Rotation
,rotation
,rounds
,Route
,route
,Router
,router
,Routers
,routers
,Routes
,routes
,Routine
,routine
,Routines
,routines
,Routing
,routing
,Row
,row
,Rows
,rows
,Rss
,Rubicon
,rubicon
,Rule
,rule
,Rules
,rules
,Run
,run
,Runner
,Running
,running
,Runs
,runs
,russia
,S
,Safe
,safe
,Sale
,sale
,salience
,salt
,same
,Sample
,sample
,Sampled
,Samples
,samples
,Sampling
,sampling
,Samplings
,Sandbox
,sandbox
,Sanitization
,sanity
,sas
,Save
,save
,Saved
,saved
,Savings
,scalar
,Scale
,scale
,Scaled
,Scaler
,Scaling
,Scan
,scan
,scenario
,scenarios
,scent
,Schedule
,schedule
,Scheduled
,scheduled
,Scheduler
,Schedules
,Scheduling
,scheduling
,Schema
,schema
,Schemas
,schemas
,Schematized
,schematized
,Scheme
,scheme
,school
,Scope
,scope
,Scopes
,scopes
,Score
,score
,Scorecard
,scorecard
,Scores
,scores
,Scoring
,scoring
,scratch
,Screen
,screen
,screens
,Script
,script
,scripts
,Scroll
,Sds
,sds
,Search
,search
,Seasonal
,seasonal
,Seats
,seats
,Sec
,Second
,second
,Secondary
,secondary
,Seconds
,seconds
,Secret
,secret
,secrets
,Section
,section
,sections
,Sections
,Secure
,secure
,Security
,security
,See
,seed
,Seeding
,Seek
,seek
,Seen
,Segment
,segment
,segmentation
,Segments
,segments
,select
,Selected
,selected
,Selection
,Selector
,selector
,Self
,self
,sell
,Seller
,seller
,Senate
,Send
,send
,Sender
,sender
,Sending
,Sensitive
,sensitive
,Sent
,Sentence
,sentences
,Sentiment
,sentiment
,Separate
,Separation
,Separator
,Sequence
,sequence
,Serial
,serial
,serialized
,Series
,series
,serve
,served
,Server
,server
,Servers
,Service
,service
,Services
,services
,Serving
,serving
,Session
,session
,Sessions
,sessions
,Set
,set
,Sets
,Setting
,setting
,Settings
,settings
,Settlement
,settlement
,Setup
,setup
,seven
,Severity
,severity
,Shading
,shading
,Shadow
,shadow
,Shape
,shape
,Shapes
,Shard
,shard
,Shards
,shards
,Share
,share
,Shared
,shared
,Shares
,Sharing
,sharing
,shear
,Sheet
,sheet
,Sheets
,sheets
,Shelf
,shelf
,Shell
,shell
,Shelves
,shelves
,Shielded
,shielded
,Shift
,shift
,Ship
,ship
,Shipment
,shipment
,Shipments
,shipments
,Shipped
,Shipping
,shipping
,Short
,short
,shortcut
,Shot
,shot
,show
,shown
,shuffle
,Shutdown
,shutdown
,Side
,side
,Sign
,sign
,Signature
,signature
,signatures
,Signed
,signed
,signer
,Signing
,signing
,Similar
,Simple
,simple
,simulate
,Single
,single
,singular
,Sink
,sink
,Sinks
,sinks
,Sip
,sip
,Site
,site
,Sites
,sites
,Size
,size
,Sizes
,sizes
,Skill
,skills
,skin
,Skip
,skip
,Skipped
,skipped
,Slash
,Slate
,Slicer
,slicer
,slicers
,Slide
,slide
,Slides
,slides
,Slot
,slot
,Slots
,slow
,small
,Smart
,Smoothing
,sms
,Snapshot
,snapshot
,Snapshots
,snapshots
,Snippet
,snippet
,Social
,social
,Socket
,sockets
,Software
,software
,Sold
,Solid
,solid
,Solution
,sorrow
,Sort
,sort
,Sorted
,sorting
,Sound
,sound
,Source
,source
,Sources
,sources
,Space
,space
,Spaces
,spaces
,Spacing
,spacing
,spam
,Spam
,Span
,span
,Spanner
,spanner
,Spans
,spans
,Spark
,spark
,speakable
,Speaker
,speaker
,speaking
,Spec
,spec
,special
,Specific
,specific
,Specification
,specification
,Specifications
,Specs
,Speech
,speech
,Speed
,Speeds
,Spell
,spell
,Spelling
,spelling
,Spend
,Spike
,Spilled
,Split
,split
,Splits
,Splitting
,Sponsor
,sponsor
,Sponsored
,sponsors
,spoof
,Spreadsheet
,spreadsheet
,spreadsheets
,Squared
,Squares
,Stability
,stabilize
,Stable
,Stack
,stack
,stacked
,Stage
,stage
,Stages
,stages
,staging
,Staleness
,Standard
,standard
,Standing
,star
,starred
,Start
,start
,Started
,Starting
,starting
,Startup
,State
,state
,Statement
,statement
,Statements
,statements
,States
,states
,Static
,static
,stationary
,Statistical
,Statistics
,statistics
,Status
,status
,Statuses
,statuses
,stay
,Step
,step
,Steps
,steps
,stereo
,Sticker
,sticker
,sticky
,Sticky
,Stop
,stop
,Stopped
,Stopping
,Stops
,Storage
,storage
,Store
,store
,Stored
,stored
,Storefront
,Stores
,Strategies
,Strategy
,strategy
,Stratified
,stratified
,Stratum
,stratum
,Stream
,stream
,Streaming
,streaming
,Streams
,Street
,street
,Stretched
,stretched
,Strict
,strict
,Strikes
,String
,string
,Strings
,strip
,Strong
,strong
,Structural
,Structure
,structure
,Structured
,structured
,Student
,student
,Students
,students
,studies
,studio
,Style
,style
,Styles
,styles
,Sub
,sub
,Subject
,subject
,Submission
,submission
,Submissions
,Submit
,submit
,Submitted
,submitted
,Subscribed
,Subscriber
,subscriber
,Subscribers
,Subscription
,subscription
,Subscriptions
,subscriptions
,subsets
,substitution
,substitutions
,Substring
,Subtitle
,subtitle
,Subtotal
,subtotal
,Subtotals
,Succeeded
,Success
,success
,Successful
,successful
,Suffix
,suffix
,Suggest
,suggest
,Suggested
,suggested
,Suggestion
,suggestion
,Suggestions
,suggestions
,Suite
,Sum
,sum
,Summaries
,summarize
,Summary
,summary
,Super
,super
,superseded
,superseding
,Supplied
,Support
,support
,Supported
,supported
,supporter
,supports
,Suppress
,suppressed
,Suppression
,Suppressions
,Surge
,surprise
,Surrogate
,surrogate
,Survey
,suspend
,suspended
,suspension
,Suspicious
,sw
,Switch
,switch
,Symbol
,symbol
,Symbols
,symbols
,Sync
,sync
,Synced
,synchronous
,Syndicated
,syndication
,Syntax
,syntax
,Synthesis
,Synthesize
,synthesize
,Synthetic
,System
,system
,Systems
,T
,Tab
,tab
,Table
,table
,Tables
,tables
,Tablet
,Tag
,tag
,Tagged
,Tagging
,Tags
,tags
,Taint
,taints
,Take
,take
,Takeout
,takeout
,Target
,target
,Targeting
,targeting
,Targetings
,targetings
,Targets
,targets
,Task
,task
,Tasks
,tasks
,Tax
,tax
,Taxed
,taxes
,Taxes
,Tcp
,tcp
,Teacher
,teacher
,Teachers
,teachers
,Team
,team
,teaser
,Technology
,technology
,Telemetry
,telemetry
,Temp
,temp
,Temperatures
,Template
,template
,Templates
,templates
,Temporal
,temporal
,temporary
,Tenancy
,tenancy
,Tenant
,tenant
,tense
,Tensor
,Term
,termination
,Terminator
,Terms
,terms
,Test
,test
,Tested
,Testers
,testers
,testing
,Testing
,tests
,tethering
,Text
,text
,textual
,Theme
,theme
,Themes
,Third
,third
,thirty
,Thoroughfare
,thoroughfare
,Thread
,thread
,Threads
,threads
,Threat
,threat
,three
,Threshold
,threshold
,thresholds
,Throttled
,Throttler
,Throttling
,Through
,Throughput
,Throw
,throw
,Thumbnail
,thumbnail
,Thumbnails
,thumbnails
,thumbs
,ticker
,Ticket
,Tier
,tier
,tiered
,Tiers
,tiers
,tilt
,Time
,time
,Timed
,timed
,Timeline
,timeline
,Timer
,timer
,Timing
,timing
,Timings
,Tip
,Title
,title
,Titles
,Tls
,tls
,Together
,Token
,token
,Tokens
,tokens
,Tolerant
,Tool
,tool
,Tools
,Top
,top
,Topic
,topic
,topicality
,Topics
,topics
,Topology
,Total
,total
,Totals
,totals
,touch
,township
,Trace
,trace
,Traces
,traces
,Track
,track
,Tracker
,Tracking
,tracking
,Tracks
,tracks
,Traffic
,traffic
,Trafficked
,trafficker
,Trailer
,Trailing
,trailing
,train
,Training
,training
,traits
,Transaction
,transaction
,Transactions
,transactions
,transcript
,Transcription
,Transcriptions
,Transfer
,transfer
,transferable
,Transfers
,transfers
,Transform
,transform
,Transformation
,transformation
,Transformations
,transformations
,transformed
,Transforms
,Transient
,transient
,Transit
,transit
,Transition
,transition
,Transitory
,Translate
,translate
,translated
,Translation
,translation
,Translations
,translations
,Transmit
,transmitting
,transparency
,Trash
,trash
,Trashed
,trashed
,trashing
,travel
,treat
,Treatment
,treatment
,Tree
,tree
,trial
,triangle
,Trigger
,trigger
,triggered
,triggering
,Triggers
,triggers
,Trim
,trim
,Troubleshoot
,troubleshoot
,Truncate
,truncate
,Truncated
,truncated
,Trust
,Try
,ts
,Tube
,Tunes
,Tunnel
,tunnel
,Tunnels
,tunnels
,Turn
,turn
,Tv
,Twitter
,two
,Tx
,tx
,Type
,type
,Typed
,Types
,types
,U
,unable
,Unary
,unary
,Unavailable
,unbeaten
,Unbind
,unbind
,uncompressed
,undeclared
,undefined
,Under
,under
,Underage
,underline
,Unexpected
,Unhealthy
,unhealthy
,unified
,Uniform
,uniform
,Union
,union
,Unique
,unique
,Unit
,unit
,Units
,units
,Universal
,universal
,Unknown
,unknown
,unlimited
,Unlock
,unlock
,Unlocked
,unlocked
,Unmapped
,unmapped
,unprotected
,unreachable
,Unread
,Unregistered
,unreliable
,unrestricted
,Unrevealed
,Unsafe
,unsatisfied
,Unspecified
,unspecified
,unsuccessful
,unused
,Unwrapped
,unwrapped
,Up
,up
,Upcoming
,upcoming
,Update
,update
,Updated
,updated
,Updates
,updates
,Upgrade
,upgrade
,Upload
,upload
,Uploaded
,Uploads
,uploads
,Upper
,upper
,uppercase
,Uptime
,uptime
,Url
,url
,Urls
,urls
,Us
,Usable
,usable
,Usage
,usage
,Usages
,Use
,use
,Used
,used
,User
,user
,Users
,users
,Uses
,uses
,using
,Utilization
,utilization
,Utilizations
,V
,v
,Vacation
,vacation
,Valid
,valid
,Validate
,validate
,Validated
,validated
,Validation
,validation
,validity
,Value
,value
,Values
,values
,van
,Var
,var
,Variable
,variable
,Variables
,variables
,variance
,Variant
,variant
,Variants
,variants
,Variation
,variations
,vars
,Vast
,vault
,Vector
,Vendor
,vendor
,Vendors
,vendors
,Ver
,verb
,Verbatim
,Verification
,verification
,Verified
,verified
,Verify
,verify
,verifying
,Version
,version
,Versions
,versions
,Vertex
,Vertical
,vertical
,vertically
,Verticals
,verticals
,Vertices
,vertices
,Vibrate
,vibrate
,Video
,video
,videos
,View
,view
,Viewable
,Viewed
,viewed
,Viewer
,viewer
,Viewers
,viewers
,Views
,Violating
,violating
,Violation
,Violations
,violence
,vip
,Virtual
,virtual
,Visibility
,visibility
,Visible
,visible
,Vision
,vision
,visit
,Visited
,visited
,visitor
,visual
,visually
,Voice
,voice
,Voices
,voices
,Voided
,voided
,Volume
,volume
,Volumes
,volumes
,Vote
,Voted
,Voter
,voter
,Voting
,voting
,Vss
,Vulnerabilities
,Vulnerability
,vulnerability
,Vulnerable
,vulnerable
,w
,Wait
,wait
,Waiter
,Waiters
,waiters
,Wallpaper
,ward
,warm
,warned
,Warning
,warning
,Warnings
,warnings
,was
,Watch
,watch
,Waterfall
,waterfall
,watermarks
,Web
,web
,webmasters
,Website
,website
,Week
,weekday
,Weekly
,weekly
,Weeks
,Weight
,weight
,Weighted
,weighted
,Weighting
,Weights
,weights
,well-known
,who
,Wide
,Widget
,widgets
,Widow
,Width
,width
,wifi
,will
,windmill
,Window
,window
,Windows
,windows
,winner
,Wipe
,wipe
,Word
,word
,Words
,words
,Work
,work
,Worker
,worker
,Workers
,workers
,Workflow
,workflow
,working
,Workload
,workload
,Workspace
,workspace
,World
,worst
,wrap
,Wrapped
,wrapped
,Wrapping
,Write
,write
,Writer
,writer
,writers
,Writes
,writes
,Written
,X
,x
,Xc
,Xss
,xss
,Xy
,xy
,Y
,y
,Yarn
,yarn
,Year
,year
,Z
,z
,zero
,Zip
,zip
,Zone
,zone
,Zones
,zones
,FALSE
,TRUE